ns,latitude,longitude,latlong
b1-fra,50.111,8.682,"(50.111,8.682)"
b2-fra,50.111,8.682,"(50.111,8.682)"
b3-fra,50.111,8.682,"(50.111,8.682)"
b4-fra,50.111,8.682,"(50.111,8.682)"
b1-lax,34.05,-118.25,"(34.05,-118.25)"
b2-lax,34.05,-118.25,"(34.05,-118.25)"
b3-lax,34.05,-118.25,"(34.05,-118.25)"
b4-lax,34.05,-118.25,"(34.05,-118.25)"
b1-mia,25.775,-80.209,"(25.775,-80.209)"
b2-mia,25.775,-80.209,"(25.775,-80.209)"
b3-mia,25.775,-80.209,"(25.775,-80.209)"
b4-mia,25.775,-80.209,"(25.775,-80.209)"
b1-iad,38.944,-77.456,"(38.944,-77.456)"
b2-iad,38.944,-77.456,"(38.944,-77.456)"
b3-iad,38.944,-77.456,"(38.944,-77.456)"
b4-iad,38.944,-77.456,"(38.944,-77.456)"
b1-scl,-33.45,-70.667,"(-33.45,-70.667)"
b2-scl,-33.45,-70.667,"(-33.45,-70.667)"
b3-scl,-33.45,-70.667,"(-33.45,-70.667)"
b4-scl,-33.45,-70.667,"(-33.45,-70.667)"
b1-sin,1.283,103.833,"(1.283,103.833)"
b2-sin,1.283,103.833,"(1.283,103.833)"
b3-sin,1.283,103.833,"(1.283,103.833)"
b4-sin,1.283,103.833,"(1.283,103.833)"
a6.nl-ams.root,52.3702157,4.8951679,"(52.3702157,4.8951679)"
n6.nl-ams.root,52.3702157,4.8951679,"(52.3702157,4.8951679)"
a5.nl-ams.root,52.3702157,4.8951679,"(52.3702157,4.8951679)"
n5.nl-ams.root,52.3702157,4.8951679,"(52.3702157,4.8951679)"
a4.nl-ams.root,52.3702157,4.8951679,"(52.3702157,4.8951679)"
n4.nl-ams.root,52.3702157,4.8951679,"(52.3702157,4.8951679)"
a1a.nl-ams.root,52.3702157,4.8951679,"(52.3702157,4.8951679)"
n1a.nl-ams.root,52.3702157,4.8951679,"(52.3702157,4.8951679)"
a1.nl-ams.root,52.3702157,4.8951679,"(52.3702157,4.8951679)"
n1.nl-ams.root,52.3702157,4.8951679,"(52.3702157,4.8951679)"
a1.us-iad.root,39.0437567,-77.4874416,"(39.0437567,-77.4874416)"
n1.us-iad.root,39.0437567,-77.4874416,"(39.0437567,-77.4874416)"
a21-a.us-qas.root,39.0437567,-77.4874416,"(39.0437567,-77.4874416)"
n21-a.us-qas.root,39.0437567,-77.4874416,"(39.0437567,-77.4874416)"
a23-1a.us-qas.root,39.0437567,-77.4874416,"(39.0437567,-77.4874416)"
n23-1a.us-qas.root,39.0437567,-77.4874416,"(39.0437567,-77.4874416)"
a4.us-iad.root,39.0437567,-77.4874416,"(39.0437567,-77.4874416)"
n4.us-iad.root,39.0437567,-77.4874416,"(39.0437567,-77.4874416)"
a3.us-iad.root,39.0437567,-77.4874416,"(39.0437567,-77.4874416)"
n3.us-iad.root,39.0437567,-77.4874416,"(39.0437567,-77.4874416)"
a1.us-lax.root,34.0522342,-118.2436849,"(34.0522342,-118.2436849)"
n1.us-lax.root,34.0522342,-118.2436849,"(34.0522342,-118.2436849)"
a1.de-fra.root,50.1109221,8.6821267,"(50.1109221,8.6821267)"
n1.de-fra.root,50.1109221,8.6821267,"(50.1109221,8.6821267)"
a6.de-fra.root,50.1109221,8.6821267,"(50.1109221,8.6821267)"
n6.de-fra.root,50.1109221,8.6821267,"(50.1109221,8.6821267)"
a1a.de-fra.root,50.1109221,8.6821267,"(50.1109221,8.6821267)"
n1a.de-fra.root,50.1109221,8.6821267,"(50.1109221,8.6821267)"
a4.de-fra.root,50.1109221,8.6821267,"(50.1109221,8.6821267)"
n4.de-fra.root,50.1109221,8.6821267,"(50.1109221,8.6821267)"
a3.de-fra.root,50.1109221,8.6821267,"(50.1109221,8.6821267)"
n3.de-fra.root,50.1109221,8.6821267,"(50.1109221,8.6821267)"
a8.cn-bjs.root,23.1301964,113.2592945,"(23.1301964,113.2592945)"
n8.cn-bjs.root,23.1301964,113.2592945,"(23.1301964,113.2592945)"
a1.gb-lon.root,51.5073509,-0.1277583,"(51.5073509,-0.1277583)"
n1.gb-lon.root,51.5073509,-0.1277583,"(51.5073509,-0.1277583)"
a8.gb-lon.root,51.5073509,-0.1277583,"(51.5073509,-0.1277583)"
n8.gb-lon.root,51.5073509,-0.1277583,"(51.5073509,-0.1277583)"
a9.gb-lon.root,51.5073509,-0.1277583,"(51.5073509,-0.1277583)"
n9.gb-lon.root,51.5073509,-0.1277583,"(51.5073509,-0.1277583)"
a8.us-lax.root,34.0522342,-118.2436849,"(34.0522342,-118.2436849)"
n8.us-lax.root,34.0522342,-118.2436849,"(34.0522342,-118.2436849)"
a7.us-lax.root,34.0522342,-118.2436849,"(34.0522342,-118.2436849)"
n7.us-lax.root,34.0522342,-118.2436849,"(34.0522342,-118.2436849)"
a6.us-lax.root,34.0522342,-118.2436849,"(34.0522342,-118.2436849)"
n6.us-lax.root,34.0522342,-118.2436849,"(34.0522342,-118.2436849)"
a1a.us-lax.root,34.0522342,-118.2436849,"(34.0522342,-118.2436849)"
n1a.us-lax.root,34.0522342,-118.2436849,"(34.0522342,-118.2436849)"
a1.us-mnz.root,38.7509488,-77.4752667,"(38.7509488,-77.4752667)"
n1.us-mnz.root,38.7509488,-77.4752667,"(38.7509488,-77.4752667)"
a3.fr-mrs.root,43.2961743,5.3699525,"(43.2961743,5.3699525)"
n3.fr-mrs.root,43.2961743,5.3699525,"(43.2961743,5.3699525)"
a2.fr-mrs.root,43.2961743,5.3699525,"(43.2961743,5.3699525)"
n2.fr-mrs.root,43.2961743,5.3699525,"(43.2961743,5.3699525)"
a5.us-mia.root,25.7616798,-80.1917902,"(25.7616798,-80.1917902)"
n5.us-mia.root,25.7616798,-80.1917902,"(25.7616798,-80.1917902)"
a1.us-mia.root,25.7616798,-80.1917902,"(25.7616798,-80.1917902)"
n1.us-mia.root,25.7616798,-80.1917902,"(25.7616798,-80.1917902)"
a6.us-mia.root,25.7616798,-80.1917902,"(25.7616798,-80.1917902)"
n6.us-mia.root,25.7616798,-80.1917902,"(25.7616798,-80.1917902)"
a2c.us-nyc.root,40.7127837,-74.0059413,"(40.7127837,-74.0059413)"
n2c.us-nyc.root,40.7127837,-74.0059413,"(40.7127837,-74.0059413)"
a2b.us-nyc.root,40.7127837,-74.0059413,"(40.7127837,-74.0059413)"
n2b.us-nyc.root,40.7127837,-74.0059413,"(40.7127837,-74.0059413)"
a2a.us-nyc.root,40.7127837,-74.0059413,"(40.7127837,-74.0059413)"
n2a.us-nyc.root,40.7127837,-74.0059413,"(40.7127837,-74.0059413)"
a1.fr-par.root,48.856614,2.3522219,"(48.856614,2.3522219)"
n1.fr-par.root,48.856614,2.3522219,"(48.856614,2.3522219)"
a6.fr-par.root,48.856614,2.3522219,"(48.856614,2.3522219)"
n6.fr-par.root,48.856614,2.3522219,"(48.856614,2.3522219)"
a1.us-plz.root,33.0198431,-96.6988856,"(33.0198431,-96.6988856)"
n1.us-plz.root,33.0198431,-96.6988856,"(33.0198431,-96.6988856)"
a7.us-plz.root,33.0198431,-96.6988856,"(33.0198431,-96.6988856)"
n7.us-plz.root,33.0198431,-96.6988856,"(33.0198431,-96.6988856)"
a8.us-plz.root,33.0198431,-96.6988856,"(33.0198431,-96.6988856)"
n8.us-plz.root,33.0198431,-96.6988856,"(33.0198431,-96.6988856)"
a9.us-plz.root,33.0198431,-96.6988856,"(33.0198431,-96.6988856)"
n9.us-plz.root,33.0198431,-96.6988856,"(33.0198431,-96.6988856)"
a1.us-sjc.root,37.3382082,-121.8863286,"(37.3382082,-121.8863286)"
n1.us-sjc.root,37.3382082,-121.8863286,"(37.3382082,-121.8863286)"
a8.us-sjc.root,37.3382082,-121.8863286,"(37.3382082,-121.8863286)"
n8.us-sjc.root,37.3382082,-121.8863286,"(37.3382082,-121.8863286)"
a4.us-sjc.root,37.3382082,-121.8863286,"(37.3382082,-121.8863286)"
n4.us-sjc.root,37.3382082,-121.8863286,"(37.3382082,-121.8863286)"
a7.us-sea.root,47.6062095,-122.3320708,"(47.6062095,-122.3320708)"
n7.us-sea.root,47.6062095,-122.3320708,"(47.6062095,-122.3320708)"
a1.us-sea.root,47.6062095,-122.3320708,"(47.6062095,-122.3320708)"
n1.us-sea.root,47.6062095,-122.3320708,"(47.6062095,-122.3320708)"
a6.us-sea.root,47.6062095,-122.3320708,"(47.6062095,-122.3320708)"
n6.us-sea.root,47.6062095,-122.3320708,"(47.6062095,-122.3320708)"
a1a.sg-sin.root,1.2800945,103.8509491,"(1.2800945,103.8509491)"
n1a.sg-sin.root,1.2800945,103.8509491,"(1.2800945,103.8509491)"
a5.sg-sin.root,1.2800945,103.8509491,"(1.2800945,103.8509491)"
n5.sg-sin.root,1.2800945,103.8509491,"(1.2800945,103.8509491)"
a6.sg-sin.root,1.2800945,103.8509491,"(1.2800945,103.8509491)"
n6.sg-sin.root,1.2800945,103.8509491,"(1.2800945,103.8509491)"
a2.se-sto.root,59.3293235,18.0685808,"(59.3293235,18.0685808)"
n2.se-sto.root,59.3293235,18.0685808,"(59.3293235,18.0685808)"
a1.se-sto.root,59.3293235,18.0685808,"(59.3293235,18.0685808)"
n1.se-sto.root,59.3293235,18.0685808,"(59.3293235,18.0685808)"
a3.se-sto.root,59.3293235,18.0685808,"(59.3293235,18.0685808)"
n3.se-sto.root,59.3293235,18.0685808,"(59.3293235,18.0685808)"
a2.jp-tyo.root,35.6894875,139.6917064,"(35.6894875,139.6917064)"
n2.jp-tyo.root,35.6894875,139.6917064,"(35.6894875,139.6917064)"
a1a.jp-tyo.root,35.6894875,139.6917064,"(35.6894875,139.6917064)"
n1a.jp-tyo.root,35.6894875,139.6917064,"(35.6894875,139.6917064)"
a3.jp-tyo.root,35.6894875,139.6917064,"(35.6894875,139.6917064)"
n3.jp-tyo.root,35.6894875,139.6917064,"(35.6894875,139.6917064)"
a2.us-was.root,38.8950368,-77.0365427,"(38.8950368,-77.0365427)"
n2.us-was.root,38.8950368,-77.0365427,"(38.8950368,-77.0365427)"
groot-con1-1,39.9611755,-82.9987942,"(39.9611755,-82.9987942)"
groot-con1-2,39.9611755,-82.9987942,"(39.9611755,-82.9987942)"
groot-con1-3,39.9611755,-82.9987942,"(39.9611755,-82.9987942)"
groot-pac1-1,21.3069444,-157.8583333,"(21.3069444,-157.8583333)"
groot-pac1-2,21.3069444,-157.8583333,"(21.3069444,-157.8583333)"
groot-pac1-3,21.3069444,-157.8583333,"(21.3069444,-157.8583333)"
groot-eur2-1,40.8517746,14.2681244,"(40.8517746,14.2681244)"
groot-eur2-2,40.8517746,14.2681244,"(40.8517746,14.2681244)"
groot-eur2-3,40.8517746,14.2681244,"(40.8517746,14.2681244)"
groot-con2-1,29.4241219,-98.4936282,"(29.4241219,-98.4936282)"
groot-con2-2,29.4241219,-98.4936282,"(29.4241219,-98.4936282)"
groot-con2-3,29.4241219,-98.4936282,"(29.4241219,-98.4936282)"
groot-eur1-1,48.7303646,9.1079418,"(48.7303646,9.1079418)"
groot-eur1-2,48.7303646,9.1079418,"(48.7303646,9.1079418)"
groot-eur1-3,48.7303646,9.1079418,"(48.7303646,9.1079418)"
groot-pac2-1,35.7384505,139.3269322,"(35.7384505,139.3269322)"
groot-pac2-2,35.7384505,139.3269322,"(35.7384505,139.3269322)"
groot-pac2-3,35.7384505,139.3269322,"(35.7384505,139.3269322)"
ABJ.cf.f.root-servers.org,5.292598,-3.999133,"(5.292598,-3.999133)"
ACC.cf.f.root-servers.org,5.614818,-0.205874,"(5.614818,-0.205874)"
ADD.cf.f.root-servers.org,9.00005,38.78446,"(9.00005,38.78446)"
ADL.cf.f.root-servers.org,-34.943173,138.533564,"(-34.943173,138.533564)"
AMD.cf.f.root-servers.org,23.0225,72.5714,"(23.0225,72.5714)"
AKX.cf.f.root-servers.org,50.286922,57.224121,"(50.286922,57.224121)"
abq1f.f.root-servers.org,35.049625,-106.617195,"(35.049625,-106.617195)"
ABQ.cf.f.root-servers.org,35.0844,-106.6504,"(35.0844,-106.6504)"
ALG.cf.f.root-servers.org,36.691002,3.21541,"(36.691002,3.21541)"
ALA.cf.f.root-servers.org,43.3521,77.040497,"(43.3521,77.040497)"
QWJ.cf.f.root-servers.org,-22.738,-47.334,"(-22.738,-47.334)"
AMM.cf.f.root-servers.org,31.722601,35.993198,"(31.722601,35.993198)"
AMS.cf.f.root-servers.org,52.308601,4.76389,"(52.308601,4.76389)"
ams1f.f.root-servers.org,52.30907,4.763385,"(52.30907,4.763385)"
ams1g.f.root-servers.org,52.30907,4.763385,"(52.30907,4.763385)"
ANC.cf.f.root-servers.org,61.158555,-149.890208,"(61.158555,-149.890208)"
TNR.cf.f.root-servers.org,-18.91368,47.53613,"(-18.91368,47.53613)"
ARU.cf.f.root-servers.org,-21.1413,-50.424702,"(-21.1413,-50.424702)"
IAD.cf.f.root-servers.org,38.9445,-77.455803,"(38.9445,-77.455803)"
NQZ.cf.f.root-servers.org,51.167801,71.418893,"(51.167801,71.418893)"
LLK.cf.f.root-servers.org,38.746399,48.818001,"(38.746399,48.818001)"
ASU.cf.f.root-servers.org,-25.24,-57.52,"(-25.24,-57.52)"
ATH.cf.f.root-servers.org,37.936401,23.9445,"(37.936401,23.9445)"
ATL.cf.f.root-servers.org,33.6367,-84.428101,"(33.6367,-84.428101)"
atl1f.f.root-servers.org,33.640068,-84.44403,"(33.640068,-84.44403)"
AKL.cf.f.root-servers.org,-37.008099,174.792007,"(-37.008099,174.792007)"
akl1f.f.root-servers.org,-37.004787,174.78352,"(-37.004787,174.78352)"
AUS.cf.f.root-servers.org,30.1975,-97.6664,"(30.1975,-97.6664)"
BGW.cf.f.root-servers.org,33.262501,44.2346,"(33.262501,44.2346)"
GYD.cf.f.root-servers.org,40.467499,50.0467,"(40.467499,50.0467)"
BWN.cf.f.root-servers.org,4.903052,114.939819,"(4.903052,114.939819)"
BLR.cf.f.root-servers.org,13.783572,76.616594,"(13.783572,76.616594)"
BKK.cf.f.root-servers.org,13.6811,100.747002,"(13.6811,100.747002)"
BGR.cf.f.root-servers.org,44.8081,-68.795,"(44.8081,-68.795)"
BCN.cf.f.root-servers.org,41.2971,2.07846,"(41.2971,2.07846)"
bcn1f.f.root-servers.org,41.30303,2.07593,"(41.30303,2.07593)"
bcn1g.f.root-servers.org,41.30303,2.07593,"(41.30303,2.07593)"
BAQ.cf.f.root-servers.org,10.8896,-74.7808,"(10.8896,-74.7808)"
BSR.cf.f.root-servers.org,30.549101,47.662102,"(30.549101,47.662102)"
pek2a.f.root-servers.org,40.078537,116.5871,"(40.078537,116.5871)"
pek2b.f.root-servers.org,40.078537,116.5871,"(40.078537,116.5871)"
BEY.cf.f.root-servers.org,33.8209,35.4884,"(33.8209,35.4884)"
BEL.cf.f.root-servers.org,-1.4563,-48.5013,"(-1.4563,-48.5013)"
beg1f.f.root-servers.org,44.819443,20.306944,"(44.819443,20.306944)"
BEG.cf.f.root-servers.org,44.818401,20.309099,"(44.818401,20.309099)"
CNF.cf.f.root-servers.org,-19.624444,-43.971944,"(-19.624444,-43.971944)"
ber1f.f.root-servers.org,52.365284,13.5133345,"(52.365284,13.5133345)"
TXL.cf.f.root-servers.org,52.5597,13.2877,"(52.5597,13.2877)"
BBI.cf.f.root-servers.org,20.2961,85.8245,"(20.2961,85.8245)"
BNU.cf.f.root-servers.org,-26.89245,-49.07696,"(-26.89245,-49.07696)"
BOG.cf.f.root-servers.org,4.70159,-74.1469,"(4.70159,-74.1469)"
BOD.cf.f.root-servers.org,44.82946,-0.58355,"(44.82946,-0.58355)"
BOS.cf.f.root-servers.org,42.3643,-71.005203,"(42.3643,-71.005203)"
bos1f.f.root-servers.org,42.36646,-71.02018,"(42.36646,-71.02018)"
BSB.cf.f.root-servers.org,-15.79824,-47.90859,"(-15.79824,-47.90859)"
BTS.cf.f.root-servers.org,48.1486,17.1077,"(48.1486,17.1077)"
BGI.cf.f.root-servers.org,13.103562,-59.603226,"(13.103562,-59.603226)"
BNE.cf.f.root-servers.org,-27.384199,153.117004,"(-27.384199,153.117004)"
bne1f.f.root-servers.org,-27.40303,153.10905,"(-27.40303,153.10905)"
BRU.cf.f.root-servers.org,50.901402,4.48444,"(50.901402,4.48444)"
bbu1f.f.root-servers.org,44.495934,26.080996,"(44.495934,26.080996)"
OTP.cf.f.root-servers.org,44.572201,26.1022,"(44.572201,26.1022)"
BUD.cf.f.root-servers.org,47.436901,19.2556,"(47.436901,19.2556)"
EZE.cf.f.root-servers.org,-34.8222,-58.5358,"(-34.8222,-58.5358)"
BUF.cf.f.root-servers.org,42.940498,-78.732201,"(42.940498,-78.732201)"
CFC.cf.f.root-servers.org,-26.7762,-51.0125,"(-26.7762,-51.0125)"
CGY.cf.f.root-servers.org,8.41562,124.611,"(8.41562,124.611)"
CAI.cf.f.root-servers.org,30.121901,31.4056,"(30.121901,31.4056)"
YYC.cf.f.root-servers.org,51.113899,-114.019997,"(51.113899,-114.019997)"
CLO.cf.f.root-servers.org,3.54322,-76.3816,"(3.54322,-76.3816)"
VCP.cf.f.root-servers.org,-22.90662,-47.08576,"(-22.90662,-47.08576)"
CBR.cf.f.root-servers.org,-35.3069,149.195007,"(-35.3069,149.195007)"
CPT.cf.f.root-servers.org,-33.964802,18.6017,"(-33.964802,18.6017)"
CEB.cf.f.root-servers.org,10.3075,123.978996,"(10.3075,123.978996)"
IXC.cf.f.root-servers.org,30.6735,76.788498,"(30.6735,76.788498)"
XAP.cf.f.root-servers.org,-27.134199,-52.656601,"(-27.134199,-52.656601)"
CLT.cf.f.root-servers.org,35.214001,-80.9431,"(35.214001,-80.9431)"
MAA.cf.f.root-servers.org,12.990005,80.169296,"(12.990005,80.169296)"
CNX.cf.f.root-servers.org,18.7668,98.962601,"(18.7668,98.962601)"
ORD.cf.f.root-servers.org,41.9786,-87.9048,"(41.9786,-87.9048)"
ord1f.f.root-servers.org,41.976913,-87.90488,"(41.976913,-87.90488)"
ord1g.f.root-servers.org,41.976913,-87.90488,"(41.976913,-87.90488)"
ord2f.f.root-servers.org,41.976913,-87.90488,"(41.976913,-87.90488)"
KIV.cf.f.root-servers.org,46.9277,28.931,"(46.9277,28.931)"
CGP.cf.f.root-servers.org,22.2496,91.813301,"(22.2496,91.813301)"
ckg1f.f.root-servers.org,29.72034,106.63408,"(29.72034,106.63408)"
CHC.cf.f.root-servers.org,-43.489399,172.531998,"(-43.489399,172.531998)"
CLE.cf.f.root-servers.org,41.50069,-81.68412000000001,"(41.50069,-81.68412000000001)"
CMB.cf.f.root-servers.org,7.18076,79.884102,"(7.18076,79.884102)"
CMH.cf.f.root-servers.org,39.998001,-82.891899,"(39.998001,-82.891899)"
CPH.cf.f.root-servers.org,55.617901,12.656,"(55.617901,12.656)"
COR.cf.f.root-servers.org,-31.31,-64.208333,"(-31.31,-64.208333)"
ORK.cf.f.root-servers.org,51.841301,-8.49111,"(51.841301,-8.49111)"
CGB.cf.f.root-servers.org,-15.59611,-56.09667,"(-15.59611,-56.09667)"
CWB.cf.f.root-servers.org,-25.5285,-49.1758,"(-25.5285,-49.1758)"
DKR.cf.f.root-servers.org,14.74121,-17.488977,"(14.74121,-17.488977)"
DFW.cf.f.root-servers.org,32.896801,-97.038002,"(32.896801,-97.038002)"
dfw1f.f.root-servers.org,32.89746,-97.036125,"(32.89746,-97.036125)"
DMM.cf.f.root-servers.org,26.471201,49.797901,"(26.471201,49.797901)"
DAD.cf.f.root-servers.org,16.02636,108.20869,"(16.02636,108.20869)"
dad1g.f.root-servers.org,16.055399,108.20298,"(16.055399,108.20298)"
DAR.cf.f.root-servers.org,-6.87811,39.202599,"(-6.87811,39.202599)"
DPS.cf.f.root-servers.org,-8.74817,115.167,"(-8.74817,115.167)"
dps1f.f.root-servers.org,-8.748056,115.1675,"(-8.748056,115.1675)"
DEN.cf.f.root-servers.org,39.861698,-104.672997,"(39.861698,-104.672997)"
DTW.cf.f.root-servers.org,42.212399,-83.353401,"(42.212399,-83.353401)"
DAC.cf.f.root-servers.org,23.843347,90.397783,"(23.843347,90.397783)"
JIB.cf.f.root-servers.org,11.5473,43.1595,"(11.5473,43.1595)"
DOH.cf.f.root-servers.org,25.260595,51.613767,"(25.260595,51.613767)"
dla1f.f.root-servers.org,4.01346,9.717018,"(4.01346,9.717018)"
DXB.cf.f.root-servers.org,25.2528,55.364399,"(25.2528,55.364399)"
DUB.cf.f.root-servers.org,53.421299,-6.2700700000000005,"(53.421299,-6.2700700000000005)"
DUR.cf.f.root-servers.org,-29.614444,31.119722,"(-29.614444,31.119722)"
RDU.cf.f.root-servers.org,35.93543,-78.88075,"(35.93543,-78.88075)"
DUS.cf.f.root-servers.org,51.289501,6.76678,"(51.289501,6.76678)"
EDI.cf.f.root-servers.org,55.950001,-3.3725,"(55.950001,-3.3725)"
EBL.cf.f.root-servers.org,36.1901,43.993,"(36.1901,43.993)"
FLN.cf.f.root-servers.org,-27.670279,-48.552502,"(-27.670279,-48.552502)"
for1f.f.root-servers.org,-3.779073,-38.540836,"(-3.779073,-38.540836)"
FOR.cf.f.root-servers.org,-3.77628,-38.5326,"(-3.77628,-38.5326)"
fra1f.f.root-servers.org,50.050735,8.570772999999999,"(50.050735,8.570772999999999)"
FRA.cf.f.root-servers.org,50.026402,8.54313,"(50.026402,8.54313)"
FUK.cf.f.root-servers.org,33.5902,130.4017,"(33.5902,130.4017)"
GBE.cf.f.root-servers.org,-24.6282,25.9231,"(-24.6282,25.9231)"
GVA.cf.f.root-servers.org,46.238098,6.10895,"(46.238098,6.10895)"
GEO.cf.f.root-servers.org,6.825648,-58.163756,"(6.825648,-58.163756)"
GYN.cf.f.root-servers.org,-16.69727,-49.26851,"(-16.69727,-49.26851)"
GOT.cf.f.root-servers.org,57.6628,12.2798,"(57.6628,12.2798)"
GDL.cf.f.root-servers.org,20.521799,-103.310997,"(20.521799,-103.310997)"
GUA.cf.f.root-servers.org,14.5833,-90.527496,"(14.5833,-90.527496)"
GYE.cf.f.root-servers.org,-2.1894,-79.8891,"(-2.1894,-79.8891)"
GUM.cf.f.root-servers.org,13.4834,144.796005,"(13.4834,144.796005)"
HFA.cf.f.root-servers.org,32.78492,34.96069,"(32.78492,34.96069)"
YHZ.cf.f.root-servers.org,44.64601,-63.66844,"(44.64601,-63.66844)"
HAM.cf.f.root-servers.org,53.630402,9.98823,"(53.630402,9.98823)"
hgh1f.f.root-servers.org,30.236935,120.43236,"(30.236935,120.43236)"
HAN.cf.f.root-servers.org,21.221201,105.806999,"(21.221201,105.806999)"
han1f.f.root-servers.org,21.214184,105.802826,"(21.214184,105.802826)"
HRE.cf.f.root-servers.org,-17.931801,31.0928,"(-17.931801,31.0928)"
HEL.cf.f.root-servers.org,60.3172,24.963301,"(60.3172,24.963301)"
HBA.cf.f.root-servers.org,-42.883209,147.331665,"(-42.883209,147.331665)"
sgn1f.f.root-servers.org,10.813045,106.662476,"(10.813045,106.662476)"
SGN.cf.f.root-servers.org,10.8188,106.652,"(10.8188,106.652)"
hkg1f.f.root-servers.org,22.308047,113.9184808,"(22.308047,113.9184808)"
HKG.cf.f.root-servers.org,22.308901,113.915001,"(22.308901,113.915001)"
HNL.cf.f.root-servers.org,21.318701,-157.921997,"(21.318701,-157.921997)"
IAH.cf.f.root-servers.org,29.9844,-95.3414,"(29.9844,-95.3414)"
HYD.cf.f.root-servers.org,17.231318,78.429855,"(17.231318,78.429855)"
sel1f.f.root-servers.org,37.448524,126.45123,"(37.448524,126.45123)"
IND.cf.f.root-servers.org,39.7173,-86.294403,"(39.7173,-86.294403)"
IST.cf.f.root-servers.org,40.976898,28.8146,"(40.976898,28.8146)"
ADB.cf.f.root-servers.org,38.32377,27.14317,"(38.32377,27.14317)"
JAX.cf.f.root-servers.org,30.494101,-81.687897,"(30.494101,-81.687897)"
CGK.cf.f.root-servers.org,-6.127523,106.651512,"(-6.127523,106.651512)"
cgk1f.f.root-servers.org,-6.130643,106.655525,"(-6.130643,106.655525)"
JED.cf.f.root-servers.org,21.6796,39.156502,"(21.6796,39.156502)"
JNB.cf.f.root-servers.org,-26.133333,28.25,"(-26.133333,28.25)"
jnb1f.f.root-servers.org,-26.132664,28.231314,"(-26.132664,28.231314)"
JHB.cf.f.root-servers.org,1.635848,103.665943,"(1.635848,103.665943)"
JOI.cf.f.root-servers.org,-26.304408,-48.846383,"(-26.304408,-48.846383)"
JDO.cf.f.root-servers.org,-7.2242,-39.313,"(-7.2242,-39.313)"
EBB.cf.f.root-servers.org,0.3152,32.5816,"(0.3152,32.5816)"
CNN.cf.f.root-servers.org,11.915858,75.55094,"(11.915858,75.55094)"
KNU.cf.f.root-servers.org,26.4499,80.3319,"(26.4499,80.3319)"
MCI.cf.f.root-servers.org,39.2976,-94.713898,"(39.2976,-94.713898)"
KHH.cf.f.root-servers.org,22.577101,120.349998,"(22.577101,120.349998)"
KHI.cf.f.root-servers.org,24.9065,67.160797,"(24.9065,67.160797)"
KTM.cf.f.root-servers.org,27.6966,85.3591,"(27.6966,85.3591)"
kun1f.f.root-servers.org,54.9,23.916668,"(54.9,23.916668)"
KGL.cf.f.root-servers.org,-1.96863,30.1395,"(-1.96863,30.1395)"
KIN.cf.f.root-servers.org,17.9951,-76.7846,"(17.9951,-76.7846)"
COK.cf.f.root-servers.org,9.9312,76.2673,"(9.9312,76.2673)"
ccu1f.f.root-servers.org,22.64531,88.43931,"(22.64531,88.43931)"
CCU.cf.f.root-servers.org,22.647693,88.434925,"(22.647693,88.434925)"
KJA.cf.f.root-servers.org,56.0153,92.8932,"(56.0153,92.8932)"
kul1f.f.root-servers.org,2.755672,101.70539,"(2.755672,101.70539)"
KUL.cf.f.root-servers.org,2.74558,101.709999,"(2.74558,101.709999)"
KCH.cf.f.root-servers.org,1.709727,110.353455,"(1.709727,110.353455)"
KWI.cf.f.root-servers.org,29.226601,47.968899,"(29.226601,47.968899)"
KBP.cf.f.root-servers.org,50.345001,30.894699,"(50.345001,30.894699)"
kbp1f.f.root-servers.org,50.341244,30.895206,"(50.341244,30.895206)"
LOS.cf.f.root-servers.org,6.57737,3.32116,"(6.57737,3.32116)"
LPB.cf.f.root-servers.org,-16.4897,-68.1193,"(-16.4897,-68.1193)"
lpb1f.f.root-servers.org,-16.50889,-68.1769,"(-16.50889,-68.1769)"
LAS.cf.f.root-servers.org,36.080101,-115.152,"(36.080101,-115.152)"
las1f.f.root-servers.org,36.086945,-115.1486,"(36.086945,-115.1486)"
LIM.cf.f.root-servers.org,-12.0219,-77.114304,"(-12.0219,-77.114304)"
LIS.cf.f.root-servers.org,38.7813,-9.13592,"(38.7813,-9.13592)"
lis1f.f.root-servers.org,38.770042,-9.128165,"(38.770042,-9.128165)"
lcy1f.f.root-servers.org,51.5,0.05,"(51.5,0.05)"
lcy2f.f.root-servers.org,51.5,0.05,"(51.5,0.05)"
LHR.cf.f.root-servers.org,51.4706,-0.461941,"(51.4706,-0.461941)"
lax1f.f.root-servers.org,33.943398,-118.40828,"(33.943398,-118.40828)"
LAX.cf.f.root-servers.org,33.942501,-118.407997,"(33.942501,-118.407997)"
lad1f.f.root-servers.org,-8.847951,13.234862,"(-8.847951,13.234862)"
lad1g.f.root-servers.org,-8.847951,13.234862,"(-8.847951,13.234862)"
LAD.cf.f.root-servers.org,-8.85837,13.2312,"(-8.85837,13.2312)"
LUN.cf.f.root-servers.org,-15.371446,28.317837,"(-15.371446,28.317837)"
lux1f.f.root-servers.org,49.63111,6.209539,"(49.63111,6.209539)"
LUX.cf.f.root-servers.org,49.626598,6.21152,"(49.626598,6.21152)"
lwo1f.f.root-servers.org,49.816418,23.955318,"(49.816418,23.955318)"
LYS.cf.f.root-servers.org,45.7263,5.0908,"(45.7263,5.0908)"
MFM.cf.f.root-servers.org,22.149599,113.592003,"(22.149599,113.592003)"
MAD.cf.f.root-servers.org,40.4936,-3.56676,"(40.4936,-3.56676)"
mad1f.f.root-servers.org,40.46515,-3.570209,"(40.46515,-3.570209)"
MLE.cf.f.root-servers.org,4.1748,73.50888,"(4.1748,73.50888)"
BAH.cf.f.root-servers.org,26.2708,50.633598,"(26.2708,50.633598)"
MAO.cf.f.root-servers.org,-3.11286,-60.01949,"(-3.11286,-60.01949)"
MNL.cf.f.root-servers.org,14.5086,121.019997,"(14.5086,121.019997)"
MPM.cf.f.root-servers.org,-25.920799,32.572601,"(-25.920799,32.572601)"
MRS.cf.f.root-servers.org,43.439272,5.221424,"(43.439272,5.221424)"
MFE.cf.f.root-servers.org,26.1758,-98.238602,"(26.1758,-98.238602)"
MDE.cf.f.root-servers.org,6.16454,-75.4231,"(6.16454,-75.4231)"
MEL.cf.f.root-servers.org,-37.673302,144.843002,"(-37.673302,144.843002)"
MEM.cf.f.root-servers.org,35.0424,-89.9767,"(35.0424,-89.9767)"
MEX.cf.f.root-servers.org,19.4363,-99.072098,"(19.4363,-99.072098)"
MIA.cf.f.root-servers.org,25.7932,-80.290604,"(25.7932,-80.290604)"
MXP.cf.f.root-servers.org,45.6306,8.728110000000001,"(45.6306,8.728110000000001)"
MSP.cf.f.root-servers.org,44.882,-93.221802,"(44.882,-93.221802)"
MSQ.cf.f.root-servers.org,53.9006,27.599,"(53.9006,27.599)"
mgq1f.f.root-servers.org,2.013333,45.31333,"(2.013333,45.31333)"
MBA.cf.f.root-servers.org,-4.03483,39.5942,"(-4.03483,39.5942)"
mty1g.f.root-servers.org,25.77657,-100.114395,"(25.77657,-100.114395)"
mvd1f.f.root-servers.org,-34.841152,-56.026466,"(-34.841152,-56.026466)"
mgm1f.f.root-servers.org,32.305042,-86.39029,"(32.305042,-86.39029)"
YUL.cf.f.root-servers.org,45.4706,-73.740799,"(45.4706,-73.740799)"
DME.cf.f.root-servers.org,55.408798,37.9063,"(55.408798,37.9063)"
svo1f.f.root-servers.org,55.966324,37.416573,"(55.966324,37.416573)"
BOM.cf.f.root-servers.org,19.088699,72.867897,"(19.088699,72.867897)"
MUC.cf.f.root-servers.org,48.353802,11.7861,"(48.353802,11.7861)"
MCT.cf.f.root-servers.org,23.5933,58.284401,"(23.5933,58.284401)"
NAG.cf.f.root-servers.org,21.161071,79.00247,"(21.161071,79.00247)"
OKA.cf.f.root-servers.org,26.1958,127.646,"(26.1958,127.646)"
NBO.cf.f.root-servers.org,-1.31924,36.927799,"(-1.31924,36.927799)"
NJF.cf.f.root-servers.org,31.989722,44.404167,"(31.989722,44.404167)"
nng1f.f.root-servers.org,22.61321,108.1675,"(22.61321,108.1675)"
BNA.cf.f.root-servers.org,36.1245,-86.6782,"(36.1245,-86.6782)"
XNH.cf.f.root-servers.org,30.935801,46.090099,"(30.935801,46.090099)"
NQN.cf.f.root-servers.org,-38.949001,-68.155701,"(-38.949001,-68.155701)"
EWR.cf.f.root-servers.org,40.692501,-74.168701,"(40.692501,-74.168701)"
DEL.cf.f.root-servers.org,28.5665,77.103104,"(28.5665,77.103104)"
lga1f.f.root-servers.org,40.774254,-73.87162000000001,"(40.774254,-73.87162000000001)"
lga2f.f.root-servers.org,40.774254,-73.87162000000001,"(40.774254,-73.87162000000001)"
LCA.cf.f.root-servers.org,34.875099,33.624901,"(34.875099,33.624901)"
ORF.cf.f.root-servers.org,36.8946,-76.201202,"(36.8946,-76.201202)"
NOU.cf.f.root-servers.org,-22.014601,166.212997,"(-22.014601,166.212997)"
oak1f.f.root-servers.org,37.71188,-122.21201,"(37.71188,-122.21201)"
OKC.cf.f.root-servers.org,35.46655,-97.65373,"(35.46655,-97.65373)"
OMA.cf.f.root-servers.org,41.3032,-95.894096,"(41.3032,-95.894096)"
ORN.cf.f.root-servers.org,35.6911,-0.6416000000000001,"(35.6911,-0.6416000000000001)"
kix1f.f.root-servers.org,34.43533,135.24397,"(34.43533,135.24397)"
KIX.cf.f.root-servers.org,34.427299,135.244003,"(34.427299,135.244003)"
osl1f.f.root-servers.org,60.19419,11.100411,"(60.19419,11.100411)"
OSL.cf.f.root-servers.org,60.193901,11.1004,"(60.193901,11.1004)"
YOW.cf.f.root-servers.org,45.322498,-75.669197,"(45.322498,-75.669197)"
OUA.cf.f.root-servers.org,12.3532,-1.51242,"(12.3532,-1.51242)"
pah1f.f.root-servers.org,37.06111,-88.7725,"(37.06111,-88.7725)"
PMO.cf.f.root-servers.org,38.16114,13.31546,"(38.16114,13.31546)"
PTY.cf.f.root-servers.org,9.07136,-79.383499,"(9.07136,-79.383499)"
PBM.cf.f.root-servers.org,5.452831,-55.187783,"(5.452831,-55.187783)"
CDG.cf.f.root-servers.org,49.012798,2.55,"(49.012798,2.55)"
PAT.cf.f.root-servers.org,25.591299,85.087997,"(25.591299,85.087997)"
pwq1f.f.root-servers.org,52.183334,77.066666,"(52.183334,77.066666)"
PER.cf.f.root-servers.org,-31.9403,115.967003,"(-31.9403,115.967003)"
PHL.cf.f.root-servers.org,39.871899,-75.241096,"(39.871899,-75.241096)"
PNH.cf.f.root-servers.org,11.5466,104.844002,"(11.5466,104.844002)"
pnh1f.f.root-servers.org,11.546111,104.84778,"(11.546111,104.84778)"
phx1f.f.root-servers.org,33.435036,-112.00016,"(33.435036,-112.00016)"
PHX.cf.f.root-servers.org,33.434299,-112.012001,"(33.434299,-112.012001)"
PIT.cf.f.root-servers.org,40.491501,-80.232903,"(40.491501,-80.232903)"
tgd1f.f.root-servers.org,42.368023,19.246023,"(42.368023,19.246023)"
pap1f.f.root-servers.org,18.575394,-72.29471,"(18.575394,-72.29471)"
pdx1f.f.root-servers.org,45.588997,-122.5929,"(45.588997,-122.5929)"
PDX.cf.f.root-servers.org,45.588699,-122.598,"(45.588699,-122.598)"
MRU.cf.f.root-servers.org,-20.430201,57.683601,"(-20.430201,57.683601)"
pom1f.f.root-servers.org,-9.444308,147.21446,"(-9.444308,147.21446)"
POA.cf.f.root-servers.org,-29.9944,-51.171398,"(-29.9944,-51.171398)"
prg1f.f.root-servers.org,50.10619,14.266638,"(50.10619,14.266638)"
PRG.cf.f.root-servers.org,50.1008,14.26,"(50.1008,14.26)"
QRO.cf.f.root-servers.org,20.6173,-100.185997,"(20.6173,-100.185997)"
UIO.cf.f.root-servers.org,-0.129167,-78.3575,"(-0.129167,-78.3575)"
ZDM.cf.f.root-servers.org,32.2719,35.0194,"(32.2719,35.0194)"
REC.cf.f.root-servers.org,-8.12649,-34.923599,"(-8.12649,-34.923599)"
rno1f.f.root-servers.org,39.505783,-119.775696,"(39.505783,-119.775696)"
KEF.cf.f.root-servers.org,63.985001,-22.6056,"(63.985001,-22.6056)"
RAO.cf.f.root-servers.org,-21.136389,-47.776669,"(-21.136389,-47.776669)"
ric1f.f.root-servers.org,37.50611,-77.3225,"(37.50611,-77.3225)"
RIC.cf.f.root-servers.org,37.505199,-77.319702,"(37.505199,-77.319702)"
RIX.cf.f.root-servers.org,56.923599,23.9711,"(56.923599,23.9711)"
GIG.cf.f.root-servers.org,-22.809999,-43.250557,"(-22.809999,-43.250557)"
ruh1f.f.root-servers.org,24.95929,46.702877,"(24.95929,46.702877)"
RUH.cf.f.root-servers.org,24.9576,46.698799,"(24.9576,46.698799)"
FCO.cf.f.root-servers.org,41.804501,12.2508,"(41.804501,12.2508)"
rom1f.f.root-servers.org,41.799065,12.590987,"(41.799065,12.590987)"
smf1f.f.root-servers.org,38.692284,-121.5937,"(38.692284,-121.5937)"
SMF.cf.f.root-servers.org,38.6954,-121.591003,"(38.6954,-121.591003)"
RUN.cf.f.root-servers.org,-20.8871,55.5103,"(-20.8871,55.5103)"
LED.cf.f.root-servers.org,59.800301,30.262501,"(59.800301,30.262501)"
SLC.cf.f.root-servers.org,40.788399,-111.977997,"(40.788399,-111.977997)"
SSA.cf.f.root-servers.org,-12.908611,-38.322498,"(-12.908611,-38.322498)"
SAT.cf.f.root-servers.org,29.429461,-98.487061,"(29.429461,-98.487061)"
SAN.cf.f.root-servers.org,32.733601,-117.190002,"(32.733601,-117.190002)"
SFO.cf.f.root-servers.org,37.618999,-122.375,"(37.618999,-122.375)"
pao2f.f.root-servers.org,37.615215,-122.38988,"(37.615215,-122.38988)"
pao2g.f.root-servers.org,37.615215,-122.38988,"(37.615215,-122.38988)"
SJC.cf.f.root-servers.org,37.362598,-121.929001,"(37.362598,-121.929001)"
sju1f.f.root-servers.org,18.437403,-66.004684,"(18.437403,-66.004684)"
SJU.cf.f.root-servers.org,18.411391,-66.102793,"(18.411391,-66.102793)"
sap1f.f.root-servers.org,15.456245,-87.927795,"(15.456245,-87.927795)"
SAP.cf.f.root-servers.org,15.4526,-87.923599,"(15.4526,-87.923599)"
scl1f.f.root-servers.org,-33.397175,-70.79382,"(-33.397175,-70.79382)"
scl2f.f.root-servers.org,-33.397175,-70.79382,"(-33.397175,-70.79382)"
SCL.cf.f.root-servers.org,-33.393002,-70.785797,"(-33.393002,-70.785797)"
STI.cf.f.root-servers.org,19.406099,-70.604698,"(19.406099,-70.604698)"
SDQ.cf.f.root-servers.org,18.429701,-69.6689,"(18.429701,-69.6689)"
SJP.cf.f.root-servers.org,-20.807157,-49.378994,"(-20.807157,-49.378994)"
SJK.cf.f.root-servers.org,-23.1791,-45.8872,"(-23.1791,-45.8872)"
GRU.cf.f.root-servers.org,-23.435556,-46.473057,"(-23.435556,-46.473057)"
gru1f.f.root-servers.org,-23.425669,-46.481926,"(-23.425669,-46.481926)"
YXE.cf.f.root-servers.org,52.170799,-106.699997,"(52.170799,-106.699997)"
SEA.cf.f.root-servers.org,47.449001,-122.308998,"(47.449001,-122.308998)"
ICN.cf.f.root-servers.org,37.469101,126.450996,"(37.469101,126.450996)"
SIN.cf.f.root-servers.org,1.35019,103.994003,"(1.35019,103.994003)"
sxm1f.f.root-servers.org,18.044722,-63.11406,"(18.044722,-63.11406)"
FSD.cf.f.root-servers.org,43.54082,-96.655116,"(43.54082,-96.655116)"
SKP.cf.f.root-servers.org,41.961601,21.621401,"(41.961601,21.621401)"
SOF.cf.f.root-servers.org,42.696693,23.411436,"(42.696693,23.411436)"
SOD.cf.f.root-servers.org,-23.54389,-46.63445,"(-23.54389,-46.63445)"
GND.cf.f.root-servers.org,12.007116,-61.788229,"(12.007116,-61.788229)"
STL.cf.f.root-servers.org,38.748699,-90.370003,"(38.748699,-90.370003)"
ARN.cf.f.root-servers.org,59.651901,17.9186,"(59.651901,17.9186)"
STR.cf.f.root-servers.org,48.783333,9.183333,"(48.783333,9.183333)"
ISU.cf.f.root-servers.org,35.5668,45.4161,"(35.5668,45.4161)"
URT.cf.f.root-servers.org,9.1326,99.135597,"(9.1326,99.135597)"
suv1f.f.root-servers.org,-18.045885,178.55981,"(-18.045885,178.55981)"
SUV.cf.f.root-servers.org,-18.11319,178.43859,"(-18.11319,178.43859)"
SYD.cf.f.root-servers.org,-33.946098,151.177002,"(-33.946098,151.177002)"
PPT.cf.f.root-servers.org,-17.553699,-149.606995,"(-17.553699,-149.606995)"
tpe1f.f.root-servers.org,25.07639,121.22389,"(25.07639,121.22389)"
TPE.cf.f.root-servers.org,25.0777,121.233002,"(25.0777,121.233002)"
TLH.cf.f.root-servers.org,30.3965,-84.350304,"(30.3965,-84.350304)"
TLL.cf.f.root-servers.org,59.4133,24.8328,"(59.4133,24.8328)"
TPA.cf.f.root-servers.org,27.9755,-82.533203,"(27.9755,-82.533203)"
CRK.cf.f.root-servers.org,15.1859,120.5599,"(15.1859,120.5599)"
tas1f.f.root-servers.org,41.262714,69.26619,"(41.262714,69.26619)"
TBS.cf.f.root-servers.org,41.669201,44.9547,"(41.669201,44.9547)"
TGU.cf.f.root-servers.org,14.0608,-87.2172,"(14.0608,-87.2172)"
tlv1f.f.root-servers.org,32.000454,34.870743,"(32.000454,34.870743)"
TLV.cf.f.root-servers.org,32.011398,34.8867,"(32.011398,34.8867)"
SKG.cf.f.root-servers.org,40.519699,22.9709,"(40.519699,22.9709)"
PBH.cf.f.root-servers.org,27.4712,89.6339,"(27.4712,89.6339)"
NVT.cf.f.root-servers.org,-26.8251,-49.2695,"(-26.8251,-49.2695)"
TIA.cf.f.root-servers.org,41.4147,19.7206,"(41.4147,19.7206)"
NRT.cf.f.root-servers.org,35.764702,140.386002,"(35.764702,140.386002)"
YYZ.cf.f.root-servers.org,43.6772,-79.6306,"(43.6772,-79.6306)"
yyz1f.f.root-servers.org,43.681583,-79.61146,"(43.681583,-79.61146)"
TUN.cf.f.root-servers.org,36.851002,10.2272,"(36.851002,10.2272)"
trn1f.f.root-servers.org,45.191456,7.643048999999999,"(45.191456,7.643048999999999)"
UDI.cf.f.root-servers.org,-18.883612,-48.225277,"(-18.883612,-48.225277)"
ULN.cf.f.root-servers.org,47.843102,106.766998,"(47.843102,106.766998)"
YVR.cf.f.root-servers.org,49.193901,-123.183998,"(49.193901,-123.183998)"
VIE.cf.f.root-servers.org,48.110298,16.5697,"(48.110298,16.5697)"
VNO.cf.f.root-servers.org,54.634102,25.285801,"(54.634102,25.285801)"
VIX.cf.f.root-servers.org,-20.64871,-41.90857,"(-20.64871,-41.90857)"
waw1f.f.root-servers.org,52.170906,20.97329,"(52.170906,20.97329)"
WAW.cf.f.root-servers.org,52.165699,20.9671,"(52.165699,20.9671)"
WDH.cf.f.root-servers.org,-22.565587,17.085334,"(-22.565587,17.085334)"
YWG.cf.f.root-servers.org,49.91,-97.239899,"(49.91,-97.239899)"
ASK.cf.f.root-servers.org,6.842178,-5.259932,"(6.842178,-5.259932)"
EVN.cf.f.root-servers.org,40.147301,44.395901,"(40.147301,44.395901)"
jog1f.f.root-servers.org,-7.785572,110.43706,"(-7.785572,110.43706)"
JOG.cf.f.root-servers.org,-7.78818,110.431999,"(-7.78818,110.431999)"
ZAG.cf.f.root-servers.org,45.742901,16.0688,"(45.742901,16.0688)"
ZRH.cf.f.root-servers.org,47.464699,8.54917,"(47.464699,8.54917)"
ajci1.droot.maxgigapop.net,5.3599517,-4.0082563,"(5.3599517,-4.0082563)"
ajci2.droot.maxgigapop.net,5.3599517,-4.0082563,"(5.3599517,-4.0082563)"
acgh1.droot.maxgigapop.net,5.6037168,-0.1869644,"(5.6037168,-0.1869644)"
acgh2.droot.maxgigapop.net,5.6037168,-0.1869644,"(5.6037168,-0.1869644)"
aaet1.droot.maxgigapop.net,8.9778889,38.7993,"(8.9778889,38.7993)"
aaet2.droot.maxgigapop.net,8.9778889,38.7993,"(8.9778889,38.7993)"
amnl1.droot.maxgigapop.net,52.3702157,4.8951679,"(52.3702157,4.8951679)"
amnl2.droot.maxgigapop.net,52.3702157,4.8951679,"(52.3702157,4.8951679)"
amnl3.droot.maxgigapop.net,52.3702157,4.8951679,"(52.3702157,4.8951679)"
amnl4.droot.maxgigapop.net,52.3702157,4.8951679,"(52.3702157,4.8951679)"
amnl5.droot.maxgigapop.net,52.3702157,4.8951679,"(52.3702157,4.8951679)"
amnl6.droot.maxgigapop.net,52.3702157,4.8951679,"(52.3702157,4.8951679)"
amnl7.droot.maxgigapop.net,52.3702157,4.8951679,"(52.3702157,4.8951679)"
amnl8.droot.maxgigapop.net,52.3702157,4.8951679,"(52.3702157,4.8951679)"
aqjo1.droot.maxgigapop.net,29.526702,35.007822,"(29.526702,35.007822)"
aqjo2.droot.maxgigapop.net,29.526702,35.007822,"(29.526702,35.007822)"
artz1.droot.maxgigapop.net,-3.3869254,36.6829927,"(-3.3869254,36.6829927)"
artz2.droot.maxgigapop.net,-3.3869254,36.6829927,"(-3.3869254,36.6829927)"
abva1.droot.maxgigapop.net,38.9516235,-77.4480814,"(38.9516235,-77.4480814)"
abva2.droot.maxgigapop.net,38.9516235,-77.4480814,"(38.9516235,-77.4480814)"
abva3.droot.maxgigapop.net,38.9516235,-77.4480814,"(38.9516235,-77.4480814)"
abva4.droot.maxgigapop.net,38.9516235,-77.4480814,"(38.9516235,-77.4480814)"
abva5.droot.maxgigapop.net,38.9516235,-77.4480814,"(38.9516235,-77.4480814)"
abva6.droot.maxgigapop.net,38.9516235,-77.4480814,"(38.9516235,-77.4480814)"
abva7.droot.maxgigapop.net,38.9516235,-77.4480814,"(38.9516235,-77.4480814)"
abva8.droot.maxgigapop.net,38.9516235,-77.4480814,"(38.9516235,-77.4480814)"
aspy1.droot.maxgigapop.net,-25.2637399,-57.575926,"(-25.2637399,-57.575926)"
aspy2.droot.maxgigapop.net,-25.2637399,-57.575926,"(-25.2637399,-57.575926)"
atgr1.droot.maxgigapop.net,37.983917,23.7293599,"(37.983917,23.7293599)"
atgr2.droot.maxgigapop.net,37.983917,23.7293599,"(37.983917,23.7293599)"
atga1.droot.maxgigapop.net,33.7489954,-84.3879824,"(33.7489954,-84.3879824)"
atga2.droot.maxgigapop.net,33.7489954,-84.3879824,"(33.7489954,-84.3879824)"
atga3.droot.maxgigapop.net,33.7489954,-84.3879824,"(33.7489954,-84.3879824)"
atga4.droot.maxgigapop.net,33.7489954,-84.3879824,"(33.7489954,-84.3879824)"
atga5.droot.maxgigapop.net,33.7489954,-84.3879824,"(33.7489954,-84.3879824)"
atga6.droot.maxgigapop.net,33.7489954,-84.3879824,"(33.7489954,-84.3879824)"
atga7.droot.maxgigapop.net,33.7489954,-84.3879824,"(33.7489954,-84.3879824)"
atga8.droot.maxgigapop.net,33.7489954,-84.3879824,"(33.7489954,-84.3879824)"
aknz1.droot.maxgigapop.net,-36.8484597,174.7633315,"(-36.8484597,174.7633315)"
aknz2.droot.maxgigapop.net,-36.8484597,174.7633315,"(-36.8484597,174.7633315)"
aunz1.droot.maxgigapop.net,-36.8484597,174.7633315,"(-36.8484597,174.7633315)"
aunz2.droot.maxgigapop.net,-36.8484597,174.7633315,"(-36.8484597,174.7633315)"
avch1.droot.maxgigapop.net,47.485,9.5607694,"(47.485,9.5607694)"
avch2.droot.maxgigapop.net,47.485,9.5607694,"(47.485,9.5607694)"
bdiq1.droot.maxgigapop.net,33.2625,44.2346,"(33.2625,44.2346)"
bdiq2.droot.maxgigapop.net,33.2625,44.2346,"(33.2625,44.2346)"
bamd1.droot.maxgigapop.net,39.2903848,-76.6121893,"(39.2903848,-76.6121893)"
bamd2.droot.maxgigapop.net,39.2903848,-76.6121893,"(39.2903848,-76.6121893)"
bmmd1.droot.maxgigapop.net,39.2903848,-76.6121893,"(39.2903848,-76.6121893)"
bmmd2.droot.maxgigapop.net,39.2903848,-76.6121893,"(39.2903848,-76.6121893)"
bmml1.droot.maxgigapop.net,12.649319,-8.000337,"(12.649319,-8.000337)"
bmml2.droot.maxgigapop.net,12.649319,-8.000337,"(12.649319,-8.000337)"
bain1.droot.maxgigapop.net,13.1979,77.7063,"(13.1979,77.7063)"
bain2.droot.maxgigapop.net,13.1979,77.7063,"(13.1979,77.7063)"
bkth1.droot.maxgigapop.net,13.7563309,100.5017651,"(13.7563309,100.5017651)"
bkth2.droot.maxgigapop.net,13.7563309,100.5017651,"(13.7563309,100.5017651)"
bgme1.droot.maxgigapop.net,44.8016128,-68.7712257,"(44.8016128,-68.7712257)"
bgme2.droot.maxgigapop.net,44.8016128,-68.7712257,"(44.8016128,-68.7712257)"
bjgm1.droot.maxgigapop.net,13.4548761,-16.5790323,"(13.4548761,-16.5790323)"
bjgm2.droot.maxgigapop.net,13.4548761,-16.5790323,"(13.4548761,-16.5790323)"
bces1.droot.maxgigapop.net,41.3850639,2.1734035,"(41.3850639,2.1734035)"
bces2.droot.maxgigapop.net,41.3850639,2.1734035,"(41.3850639,2.1734035)"
btkn1.droot.maxgigapop.net,17.3112,-62.7187,"(17.3112,-62.7187)"
btkn2.droot.maxgigapop.net,17.3112,-62.7187,"(17.3112,-62.7187)"
brls1.droot.maxgigapop.net,33.8886289,35.4954794,"(33.8886289,35.4954794)"
brls2.droot.maxgigapop.net,33.8886289,35.4954794,"(33.8886289,35.4954794)"
bgrs1.droot.maxgigapop.net,44.786568,20.4489216,"(44.786568,20.4489216)"
bgrs2.droot.maxgigapop.net,44.786568,20.4489216,"(44.786568,20.4489216)"
beor1.droot.maxgigapop.net,44.2540667,-121.1499639,"(44.2540667,-121.1499639)"
beor2.droot.maxgigapop.net,44.2540667,-121.1499639,"(44.2540667,-121.1499639)"
bede1.droot.maxgigapop.net,52.5200066,13.404954,"(52.5200066,13.404954)"
bede2.droot.maxgigapop.net,52.5200066,13.404954,"(52.5200066,13.404954)"
brde1.droot.maxgigapop.net,52.5200066,13.404954,"(52.5200066,13.404954)"
brde2.droot.maxgigapop.net,52.5200066,13.404954,"(52.5200066,13.404954)"
bvma1.droot.maxgigapop.net,42.5584283,-70.880049,"(42.5584283,-70.880049)"
bvma2.droot.maxgigapop.net,42.5584283,-70.880049,"(42.5584283,-70.880049)"
bkkg1.droot.maxgigapop.net,43.0612972,74.4776,"(43.0612972,74.4776)"
bkkg2.droot.maxgigapop.net,43.0612972,74.4776,"(43.0612972,74.4776)"
btmw1.droot.maxgigapop.net,-15.786111,35.005833,"(-15.786111,35.005833)"
btmw2.droot.maxgigapop.net,-15.786111,35.005833,"(-15.786111,35.005833)"
bdbf1.droot.maxgigapop.net,11.1601,-4.3309694,"(11.1601,-4.3309694)"
bdbf2.droot.maxgigapop.net,11.1601,-4.3309694,"(11.1601,-4.3309694)"
boco1.droot.maxgigapop.net,4.7015889,-74.1469,"(4.7015889,-74.1469)"
boco2.droot.maxgigapop.net,4.7015889,-74.1469,"(4.7015889,-74.1469)"
bobn1.droot.maxgigapop.net,4.9442,114.9280028,"(4.9442,114.9280028)"
bobn2.droot.maxgigapop.net,4.9442,114.9280028,"(4.9442,114.9280028)"
boma1.droot.maxgigapop.net,42.3584308,-71.0597732,"(42.3584308,-71.0597732)"
boma2.droot.maxgigapop.net,42.3584308,-71.0597732,"(42.3584308,-71.0597732)"
bssk1.droot.maxgigapop.net,48.1702,17.2127,"(48.1702,17.2127)"
bssk2.droot.maxgigapop.net,48.1702,17.2127,"(48.1702,17.2127)"
bvcg1.droot.maxgigapop.net,-4.2517,15.253,"(-4.2517,15.253)"
bvcg2.droot.maxgigapop.net,-4.2517,15.253,"(-4.2517,15.253)"
brro1.droot.maxgigapop.net,44.4267674,26.1025384,"(44.4267674,26.1025384)"
brro2.droot.maxgigapop.net,44.4267674,26.1025384,"(44.4267674,26.1025384)"
bphu1.droot.maxgigapop.net,47.4369,19.2556,"(47.4369,19.2556)"
bphu2.droot.maxgigapop.net,47.4369,19.2556,"(47.4369,19.2556)"
buar1.droot.maxgigapop.net,-34.603333,-58.381667,"(-34.603333,-58.381667)"
buar2.droot.maxgigapop.net,-34.603333,-58.381667,"(-34.603333,-58.381667)"
bbbi1.droot.maxgigapop.net,-3.361378,29.3598782,"(-3.361378,29.3598782)"
bbbi2.droot.maxgigapop.net,-3.361378,29.3598782,"(-3.361378,29.3598782)"
bbca1.droot.maxgigapop.net,34.1808392,-118.3089661,"(34.1808392,-118.3089661)"
bbca2.droot.maxgigapop.net,34.1808392,-118.3089661,"(34.1808392,-118.3089661)"
bbca3.droot.maxgigapop.net,34.1808392,-118.3089661,"(34.1808392,-118.3089661)"
bbca4.droot.maxgigapop.net,34.1808392,-118.3089661,"(34.1808392,-118.3089661)"
bbca5.droot.maxgigapop.net,34.1808392,-118.3089661,"(34.1808392,-118.3089661)"
bbca6.droot.maxgigapop.net,34.1808392,-118.3089661,"(34.1808392,-118.3089661)"
bbca7.droot.maxgigapop.net,34.1808392,-118.3089661,"(34.1808392,-118.3089661)"
bbca8.droot.maxgigapop.net,34.1808392,-118.3089661,"(34.1808392,-118.3089661)"
cgca1.droot.maxgigapop.net,51.0453246,-114.0581012,"(51.0453246,-114.0581012)"
cgca2.droot.maxgigapop.net,51.0453246,-114.0581012,"(51.0453246,-114.0581012)"
caoh1.droot.maxgigapop.net,40.805,-81.375833,"(40.805,-81.375833)"
caoh2.droot.maxgigapop.net,40.805,-81.375833,"(40.805,-81.375833)"
ctza1.droot.maxgigapop.net,-33.9248685,18.4240553,"(-33.9248685,18.4240553)"
ctza2.droot.maxgigapop.net,-33.9248685,18.4240553,"(-33.9248685,18.4240553)"
ccve1.droot.maxgigapop.net,10.6031167,-66.9905861,"(10.6031167,-66.9905861)"
ccve2.droot.maxgigapop.net,10.6031167,-66.9905861,"(10.6031167,-66.9905861)"
stlc1.droot.maxgigapop.net,14.0101094,-60.9874687,"(14.0101094,-60.9874687)"
stlc2.droot.maxgigapop.net,14.0101094,-60.9874687,"(14.0101094,-60.9874687)"
cmth1.droot.maxgigapop.net,18.7668,98.9626,"(18.7668,98.9626)"
cmth2.droot.maxgigapop.net,18.7668,98.9626,"(18.7668,98.9626)"
chin1.droot.maxgigapop.net,12.9900056,80.1692972,"(12.9900056,80.1692972)"
chin2.droot.maxgigapop.net,12.9900056,80.1692972,"(12.9900056,80.1692972)"
chil1.droot.maxgigapop.net,41.8781136,-87.6297982,"(41.8781136,-87.6297982)"
chil2.droot.maxgigapop.net,41.8781136,-87.6297982,"(41.8781136,-87.6297982)"
chil3.droot.maxgigapop.net,41.8781136,-87.6297982,"(41.8781136,-87.6297982)"
chil4.droot.maxgigapop.net,41.8781136,-87.6297982,"(41.8781136,-87.6297982)"
chil5.droot.maxgigapop.net,41.8781136,-87.6297982,"(41.8781136,-87.6297982)"
chil6.droot.maxgigapop.net,41.8781136,-87.6297982,"(41.8781136,-87.6297982)"
chil7.droot.maxgigapop.net,41.8781136,-87.6297982,"(41.8781136,-87.6297982)"
chil8.droot.maxgigapop.net,41.8781136,-87.6297982,"(41.8781136,-87.6297982)"
chmd1.droot.maxgigapop.net,46.9277,28.931,"(46.9277,28.931)"
chmd2.droot.maxgigapop.net,46.9277,28.931,"(46.9277,28.931)"
cepy1.droot.maxgigapop.net,-25.46,-54.84,"(-25.46,-54.84)"
cepy2.droot.maxgigapop.net,-25.46,-54.84,"(-25.46,-54.84)"
cpmd1.droot.maxgigapop.net,38.9911667,-76.942525,"(38.9911667,-76.942525)"
cpmd2.droot.maxgigapop.net,38.9911667,-76.942525,"(38.9911667,-76.942525)"
cpmd3.droot.maxgigapop.net,38.9911667,-76.942525,"(38.9911667,-76.942525)"
cpmd4.droot.maxgigapop.net,38.9911667,-76.942525,"(38.9911667,-76.942525)"
colk1.droot.maxgigapop.net,6.9270786,79.861243,"(6.9270786,79.861243)"
colk2.droot.maxgigapop.net,6.9270786,79.861243,"(6.9270786,79.861243)"
cloh1.droot.maxgigapop.net,39.9622601,-83.0007065,"(39.9622601,-83.0007065)"
cloh2.droot.maxgigapop.net,39.9622601,-83.0007065,"(39.9622601,-83.0007065)"
ckgn1.droot.maxgigapop.net,9.5768889,-13.612,"(9.5768889,-13.612)"
ckgn2.droot.maxgigapop.net,9.5768889,-13.612,"(9.5768889,-13.612)"
cobj1.droot.maxgigapop.net,6.3702928,2.3912362,"(6.3702928,2.3912362)"
cobj2.droot.maxgigapop.net,6.3702928,2.3912362,"(6.3702928,2.3912362)"
dftx1.droot.maxgigapop.net,32.7766642,-96.7969879,"(32.7766642,-96.7969879)"
dftx2.droot.maxgigapop.net,32.7766642,-96.7969879,"(32.7766642,-96.7969879)"
dftx3.droot.maxgigapop.net,32.7766642,-96.7969879,"(32.7766642,-96.7969879)"
dftx4.droot.maxgigapop.net,32.7766642,-96.7969879,"(32.7766642,-96.7969879)"
dftx5.droot.maxgigapop.net,32.7766642,-96.7969879,"(32.7766642,-96.7969879)"
dftx6.droot.maxgigapop.net,32.7766642,-96.7969879,"(32.7766642,-96.7969879)"
dftx7.droot.maxgigapop.net,32.7766642,-96.7969879,"(32.7766642,-96.7969879)"
dftx8.droot.maxgigapop.net,32.7766642,-96.7969879,"(32.7766642,-96.7969879)"
datx1.droot.maxgigapop.net,32.7766642,-96.7969879,"(32.7766642,-96.7969879)"
datx2.droot.maxgigapop.net,32.7766642,-96.7969879,"(32.7766642,-96.7969879)"
dstz1.droot.maxgigapop.net,-6.792354,39.2083284,"(-6.792354,39.2083284)"
dstz2.droot.maxgigapop.net,-6.792354,39.2083284,"(-6.792354,39.2083284)"
dpia1.droot.maxgigapop.net,41.5236437,-90.5776367,"(41.5236437,-90.5776367)"
dpia2.droot.maxgigapop.net,41.5236437,-90.5776367,"(41.5236437,-90.5776367)"
dhin1.droot.maxgigapop.net,28.5665,77.1031028,"(28.5665,77.1031028)"
dhin2.droot.maxgigapop.net,28.5665,77.1031028,"(28.5665,77.1031028)"
deco1.droot.maxgigapop.net,39.7392358,-104.990251,"(39.7392358,-104.990251)"
deco2.droot.maxgigapop.net,39.7392358,-104.990251,"(39.7392358,-104.990251)"
dtmi1.droot.maxgigapop.net,42.3315509,-83.0466403,"(42.3315509,-83.0466403)"
dtmi2.droot.maxgigapop.net,42.3315509,-83.0466403,"(42.3315509,-83.0466403)"
dhbd1.droot.maxgigapop.net,23.8268396,90.4051507,"(23.8268396,90.4051507)"
dhbd2.droot.maxgigapop.net,23.8268396,90.4051507,"(23.8268396,90.4051507)"
dkbd1.droot.maxgigapop.net,23.8268396,90.4051507,"(23.8268396,90.4051507)"
dkbd2.droot.maxgigapop.net,23.8268396,90.4051507,"(23.8268396,90.4051507)"
djdj1.droot.maxgigapop.net,11.5473,43.1595,"(11.5473,43.1595)"
djdj2.droot.maxgigapop.net,11.5473,43.1595,"(11.5473,43.1595)"
dotz1.droot.maxgigapop.net,-6.1704389,35.7526028,"(-6.1704389,35.7526028)"
dotz2.droot.maxgigapop.net,-6.1704389,35.7526028,"(-6.1704389,35.7526028)"
dhqa1.droot.maxgigapop.net,25.2730556,51.6080556,"(25.2730556,51.6080556)"
dhqa2.droot.maxgigapop.net,25.2730556,51.6080556,"(25.2730556,51.6080556)"
dmde1.droot.maxgigapop.net,51.5142273,7.4652789,"(51.5142273,7.4652789)"
dmde2.droot.maxgigapop.net,51.5142273,7.4652789,"(51.5142273,7.4652789)"
dlcm1.droot.maxgigapop.net,4.0429408,9.706203,"(4.0429408,9.706203)"
dlcm2.droot.maxgigapop.net,4.0429408,9.706203,"(4.0429408,9.706203)"
drde1.droot.maxgigapop.net,51.1328,13.7672,"(51.1328,13.7672)"
drde2.droot.maxgigapop.net,51.1328,13.7672,"(51.1328,13.7672)"
dbae1.droot.maxgigapop.net,25.0476643,55.1817407,"(25.0476643,55.1817407)"
dbae2.droot.maxgigapop.net,25.0476643,55.1817407,"(25.0476643,55.1817407)"
duie1.droot.maxgigapop.net,53.3498053,-6.2603097,"(53.3498053,-6.2603097)"
duie2.droot.maxgigapop.net,53.3498053,-6.2603097,"(53.3498053,-6.2603097)"
duie3.droot.maxgigapop.net,53.3498053,-6.2603097,"(53.3498053,-6.2603097)"
duie4.droot.maxgigapop.net,53.3498053,-6.2603097,"(53.3498053,-6.2603097)"
dbza1.droot.maxgigapop.net,-29.8586804,31.0218404,"(-29.8586804,31.0218404)"
dbza2.droot.maxgigapop.net,-29.8586804,31.0218404,"(-29.8586804,31.0218404)"
ebuk1.droot.maxgigapop.net,55.953252,-3.188267,"(55.953252,-3.188267)"
ebuk2.droot.maxgigapop.net,55.953252,-3.188267,"(55.953252,-3.188267)"
fkat1.droot.maxgigapop.net,47.2375671,9.5981724,"(47.2375671,9.5981724)"
fkat2.droot.maxgigapop.net,47.2375671,9.5981724,"(47.2375671,9.5981724)"
frde1.droot.maxgigapop.net,50.1109221,8.6821267,"(50.1109221,8.6821267)"
frde2.droot.maxgigapop.net,50.1109221,8.6821267,"(50.1109221,8.6821267)"
ffde1.droot.maxgigapop.net,50.1109221,8.6821267,"(50.1109221,8.6821267)"
ffde2.droot.maxgigapop.net,50.1109221,8.6821267,"(50.1109221,8.6821267)"
ffde3.droot.maxgigapop.net,50.1109221,8.6821267,"(50.1109221,8.6821267)"
ffde4.droot.maxgigapop.net,50.1109221,8.6821267,"(50.1109221,8.6821267)"
ffde5.droot.maxgigapop.net,50.1109221,8.6821267,"(50.1109221,8.6821267)"
ffde6.droot.maxgigapop.net,50.1109221,8.6821267,"(50.1109221,8.6821267)"
ffde7.droot.maxgigapop.net,50.1109221,8.6821267,"(50.1109221,8.6821267)"
ffde8.droot.maxgigapop.net,50.1109221,8.6821267,"(50.1109221,8.6821267)"
gvch1.droot.maxgigapop.net,46.2043907,6.1431577,"(46.2043907,6.1431577)"
gvch2.droot.maxgigapop.net,46.2043907,6.1431577,"(46.2043907,6.1431577)"
gqza1.droot.maxgigapop.net,-33.9849028,25.6173,"(-33.9849028,25.6173)"
gqza2.droot.maxgigapop.net,-33.9849028,25.6173,"(-33.9849028,25.6173)"
gcgt1.droot.maxgigapop.net,14.6027664,-90.523008,"(14.6027664,-90.523008)"
gcgt2.droot.maxgigapop.net,14.6027664,-90.523008,"(14.6027664,-90.523008)"
gugt1.droot.maxgigapop.net,14.6027664,-90.523008,"(14.6027664,-90.523008)"
gugt2.droot.maxgigapop.net,14.6027664,-90.523008,"(14.6027664,-90.523008)"
gqec1.droot.maxgigapop.net,-2.1709979,-79.9223592,"(-2.1709979,-79.9223592)"
gqec2.droot.maxgigapop.net,-2.1709979,-79.9223592,"(-2.1709979,-79.9223592)"
hfca1.droot.maxgigapop.net,44.6488625,-63.5753196,"(44.6488625,-63.5753196)"
hfca2.droot.maxgigapop.net,44.6488625,-63.5753196,"(44.6488625,-63.5753196)"
hbde1.droot.maxgigapop.net,53.5437641,10.0099133,"(53.5437641,10.0099133)"
hbde2.droot.maxgigapop.net,53.5437641,10.0099133,"(53.5437641,10.0099133)"
hrzw1.droot.maxgigapop.net,-17.8251657,31.03351,"(-17.8251657,31.03351)"
hrzw2.droot.maxgigapop.net,-17.8251657,31.03351,"(-17.8251657,31.03351)"
hkcn1.droot.maxgigapop.net,22.3089,113.915,"(22.3089,113.915)"
hkcn2.droot.maxgigapop.net,22.3089,113.915,"(22.3089,113.915)"
hocn1.droot.maxgigapop.net,22.3089,113.915,"(22.3089,113.915)"
hocn2.droot.maxgigapop.net,22.3089,113.915,"(22.3089,113.915)"
hcpe1.droot.maxgigapop.net,-11.7831,-75.473397,"(-11.7831,-75.473397)"
hcpe2.droot.maxgigapop.net,-11.7831,-75.473397,"(-11.7831,-75.473397)"
hbin1.droot.maxgigapop.net,17.2288611,78.4328472,"(17.2288611,78.4328472)"
hbin2.droot.maxgigapop.net,17.2288611,78.4328472,"(17.2288611,78.4328472)"
istr1.droot.maxgigapop.net,41.00527,28.97696,"(41.00527,28.97696)"
istr2.droot.maxgigapop.net,41.00527,28.97696,"(41.00527,28.97696)"
jvfl1.droot.maxgigapop.net,30.3321838,-81.655651,"(30.3321838,-81.655651)"
jvfl2.droot.maxgigapop.net,30.3321838,-81.655651,"(30.3321838,-81.655651)"
jaid1.droot.maxgigapop.net,-6.2200143,106.7780488,"(-6.2200143,106.7780488)"
jaid2.droot.maxgigapop.net,-6.2200143,106.7780488,"(-6.2200143,106.7780488)"
jkid1.droot.maxgigapop.net,-6.2200143,106.7780488,"(-6.2200143,106.7780488)"
jkid2.droot.maxgigapop.net,-6.2200143,106.7780488,"(-6.2200143,106.7780488)"
jkid3.droot.maxgigapop.net,-6.2200143,106.7780488,"(-6.2200143,106.7780488)"
jkid4.droot.maxgigapop.net,-6.2200143,106.7780488,"(-6.2200143,106.7780488)"
jtid1.droot.maxgigapop.net,-6.2200143,106.7780488,"(-6.2200143,106.7780488)"
jtid2.droot.maxgigapop.net,-6.2200143,106.7780488,"(-6.2200143,106.7780488)"
jbsa1.droot.maxgigapop.net,-26.1155685,28.0069034,"(-26.1155685,28.0069034)"
jbsa2.droot.maxgigapop.net,-26.1155685,28.0069034,"(-26.1155685,28.0069034)"
jbsa3.droot.maxgigapop.net,-26.1155685,28.0069034,"(-26.1155685,28.0069034)"
jbsa4.droot.maxgigapop.net,-26.1155685,28.0069034,"(-26.1155685,28.0069034)"
joza1.droot.maxgigapop.net,-26.1155685,28.0069034,"(-26.1155685,28.0069034)"
joza2.droot.maxgigapop.net,-26.1155685,28.0069034,"(-26.1155685,28.0069034)"
jbmy1.droot.maxgigapop.net,1.492659,103.7413591,"(1.492659,103.7413591)"
jbmy2.droot.maxgigapop.net,1.492659,103.7413591,"(1.492659,103.7413591)"
kbaf1.droot.maxgigapop.net,34.5260109,69.1776838,"(34.5260109,69.1776838)"
kbaf2.droot.maxgigapop.net,34.5260109,69.1776838,"(34.5260109,69.1776838)"
kpug1.droot.maxgigapop.net,0.3475963999999999,32.5825197,"(0.3475963999999999,32.5825197)"
kpug2.droot.maxgigapop.net,0.3475963999999999,32.5825197,"(0.3475963999999999,32.5825197)"
kmnp1.droot.maxgigapop.net,27.7,85.3333333,"(27.7,85.3333333)"
kmnp2.droot.maxgigapop.net,27.7,85.3333333,"(27.7,85.3333333)"
ktsd1.droot.maxgigapop.net,15.5006544,32.5598994,"(15.5006544,32.5598994)"
ktsd2.droot.maxgigapop.net,15.5006544,32.5598994,"(15.5006544,32.5598994)"
kvua1.droot.maxgigapop.net,50.4501,30.5234,"(50.4501,30.5234)"
kvua2.droot.maxgigapop.net,50.4501,30.5234,"(50.4501,30.5234)"
kcrw1.droot.maxgigapop.net,-1.9578755,30.112735,"(-1.9578755,30.112735)"
kcrw2.droot.maxgigapop.net,-1.9578755,30.112735,"(-1.9578755,30.112735)"
kijm1.droot.maxgigapop.net,17.983333,-76.8,"(17.983333,-76.8)"
kijm2.droot.maxgigapop.net,17.983333,-76.8,"(17.983333,-76.8)"
kicg1.droot.maxgigapop.net,-4.4419311,15.2662931,"(-4.4419311,15.2662931)"
kicg2.droot.maxgigapop.net,-4.4419311,15.2662931,"(-4.4419311,15.2662931)"
kfat1.droot.maxgigapop.net,46.62794,14.30899,"(46.62794,14.30899)"
kfat2.droot.maxgigapop.net,46.62794,14.30899,"(46.62794,14.30899)"
kkin1.droot.maxgigapop.net,22.6547,88.4467,"(22.6547,88.4467)"
kkin2.droot.maxgigapop.net,22.6547,88.4467,"(22.6547,88.4467)"
kumy1.droot.maxgigapop.net,3.139003,101.686855,"(3.139003,101.686855)"
kumy2.droot.maxgigapop.net,3.139003,101.686855,"(3.139003,101.686855)"
klmy1.droot.maxgigapop.net,3.139003,101.686855,"(3.139003,101.686855)"
klmy2.droot.maxgigapop.net,3.139003,101.686855,"(3.139003,101.686855)"
kckw1.droot.maxgigapop.net,29.375859,47.9774052,"(29.375859,47.9774052)"
kckw2.droot.maxgigapop.net,29.375859,47.9774052,"(29.375859,47.9774052)"
lang1.droot.maxgigapop.net,6.5773694,3.3211611,"(6.5773694,3.3211611)"
lang2.droot.maxgigapop.net,6.5773694,3.3211611,"(6.5773694,3.3211611)"
lsng1.droot.maxgigapop.net,6.5243793,3.3792057,"(6.5243793,3.3792057)"
lsng2.droot.maxgigapop.net,6.5243793,3.3792057,"(6.5243793,3.3792057)"
lzbo1.droot.maxgigapop.net,-16.5,-68.15,"(-16.5,-68.15)"
lzbo2.droot.maxgigapop.net,-16.5,-68.15,"(-16.5,-68.15)"
lach1.droot.maxgigapop.net,46.5196535,6.6322734,"(46.5196535,6.6322734)"
lach2.droot.maxgigapop.net,46.5196535,6.6322734,"(46.5196535,6.6322734)"
leuk1.droot.maxgigapop.net,53.8007554,-1.5490773999999998,"(53.8007554,-1.5490773999999998)"
leuk2.droot.maxgigapop.net,53.8007554,-1.5490773999999998,"(53.8007554,-1.5490773999999998)"
lvga1.droot.maxgigapop.net,0.4161976,9.4672676,"(0.4161976,9.4672676)"
lvga2.droot.maxgigapop.net,0.4161976,9.4672676,"(0.4161976,9.4672676)"
lmpe1.droot.maxgigapop.net,-12.0621065,-77.0365256,"(-12.0621065,-77.0365256)"
lmpe2.droot.maxgigapop.net,-12.0621065,-77.0365256,"(-12.0621065,-77.0365256)"
lbpt1.droot.maxgigapop.net,38.7222524,-9.1393366,"(38.7222524,-9.1393366)"
lbpt2.droot.maxgigapop.net,38.7222524,-9.1393366,"(38.7222524,-9.1393366)"
ljsk1.droot.maxgigapop.net,46.2237028,14.4576,"(46.2237028,14.4576)"
ljsk2.droot.maxgigapop.net,46.2237028,14.4576,"(46.2237028,14.4576)"
lotg1.droot.maxgigapop.net,6.1724969,1.2313618,"(6.1724969,1.2313618)"
lotg2.droot.maxgigapop.net,6.1724969,1.2313618,"(6.1724969,1.2313618)"
louk1.droot.maxgigapop.net,51.508515,-0.1254872,"(51.508515,-0.1254872)"
louk2.droot.maxgigapop.net,51.508515,-0.1254872,"(51.508515,-0.1254872)"
louk3.droot.maxgigapop.net,51.508515,-0.1254872,"(51.508515,-0.1254872)"
louk4.droot.maxgigapop.net,51.508515,-0.1254872,"(51.508515,-0.1254872)"
louk5.droot.maxgigapop.net,51.508515,-0.1254872,"(51.508515,-0.1254872)"
louk6.droot.maxgigapop.net,51.508515,-0.1254872,"(51.508515,-0.1254872)"
louk7.droot.maxgigapop.net,51.508515,-0.1254872,"(51.508515,-0.1254872)"
louk8.droot.maxgigapop.net,51.508515,-0.1254872,"(51.508515,-0.1254872)"
laca1.droot.maxgigapop.net,34.0522342,-118.2436849,"(34.0522342,-118.2436849)"
laca2.droot.maxgigapop.net,34.0522342,-118.2436849,"(34.0522342,-118.2436849)"
laca3.droot.maxgigapop.net,34.0522342,-118.2436849,"(34.0522342,-118.2436849)"
laca4.droot.maxgigapop.net,34.0522342,-118.2436849,"(34.0522342,-118.2436849)"
laca5.droot.maxgigapop.net,34.0522342,-118.2436849,"(34.0522342,-118.2436849)"
laca6.droot.maxgigapop.net,34.0522342,-118.2436849,"(34.0522342,-118.2436849)"
laca7.droot.maxgigapop.net,34.0522342,-118.2436849,"(34.0522342,-118.2436849)"
laca8.droot.maxgigapop.net,34.0522342,-118.2436849,"(34.0522342,-118.2436849)"
ldao1.droot.maxgigapop.net,-8.8399876,13.2894368,"(-8.8399876,13.2894368)"
ldao2.droot.maxgigapop.net,-8.8399876,13.2894368,"(-8.8399876,13.2894368)"
luao1.droot.maxgigapop.net,-8.8399876,13.2894368,"(-8.8399876,13.2894368)"
luao2.droot.maxgigapop.net,-8.8399876,13.2894368,"(-8.8399876,13.2894368)"
lucd1.droot.maxgigapop.net,-11.6642316,27.4826264,"(-11.6642316,27.4826264)"
lucd2.droot.maxgigapop.net,-11.6642316,27.4826264,"(-11.6642316,27.4826264)"
luzm1.droot.maxgigapop.net,-15.3308,28.4526,"(-15.3308,28.4526)"
luzm2.droot.maxgigapop.net,-15.3308,28.4526,"(-15.3308,28.4526)"
lclu1.droot.maxgigapop.net,49.611621,6.1319346,"(49.611621,6.1319346)"
lclu2.droot.maxgigapop.net,49.611621,6.1319346,"(49.611621,6.1319346)"
lyfr1.droot.maxgigapop.net,45.764043,4.835659,"(45.764043,4.835659)"
lyfr2.droot.maxgigapop.net,45.764043,4.835659,"(45.764043,4.835659)"
mdes1.droot.maxgigapop.net,40.4167754,-3.7037902,"(40.4167754,-3.7037902)"
mdes2.droot.maxgigapop.net,40.4167754,-3.7037902,"(40.4167754,-3.7037902)"
mdes3.droot.maxgigapop.net,40.4167754,-3.7037902,"(40.4167754,-3.7037902)"
mdes4.droot.maxgigapop.net,40.4167754,-3.7037902,"(40.4167754,-3.7037902)"
mdes5.droot.maxgigapop.net,40.4167754,-3.7037902,"(40.4167754,-3.7037902)"
mdes6.droot.maxgigapop.net,40.4167754,-3.7037902,"(40.4167754,-3.7037902)"
mdes7.droot.maxgigapop.net,40.4167754,-3.7037902,"(40.4167754,-3.7037902)"
mdes8.droot.maxgigapop.net,40.4167754,-3.7037902,"(40.4167754,-3.7037902)"
mamv1.droot.maxgigapop.net,4.1918306,73.5290972,"(4.1918306,73.5290972)"
mamv2.droot.maxgigapop.net,4.1918306,73.5290972,"(4.1918306,73.5290972)"
mmbh1.droot.maxgigapop.net,26.2708,50.6335972,"(26.2708,50.6335972)"
mmbh2.droot.maxgigapop.net,26.2708,50.6335972,"(26.2708,50.6335972)"
mnuk1.droot.maxgigapop.net,53.4807593,-2.2426305,"(53.4807593,-2.2426305)"
mnuk2.droot.maxgigapop.net,53.4807593,-2.2426305,"(53.4807593,-2.2426305)"
maph1.droot.maxgigapop.net,14.5459665,120.9933321,"(14.5459665,120.9933321)"
maph2.droot.maxgigapop.net,14.5459665,120.9933321,"(14.5459665,120.9933321)"
mnph1.droot.maxgigapop.net,14.5459665,120.9933321,"(14.5459665,120.9933321)"
mnph2.droot.maxgigapop.net,14.5459665,120.9933321,"(14.5459665,120.9933321)"
mpmz1.droot.maxgigapop.net,-25.891968,32.6051351,"(-25.891968,32.6051351)"
mpmz2.droot.maxgigapop.net,-25.891968,32.6051351,"(-25.891968,32.6051351)"
msfr1.droot.maxgigapop.net,43.296482,5.36978,"(43.296482,5.36978)"
msfr2.droot.maxgigapop.net,43.296482,5.36978,"(43.296482,5.36978)"
msfr3.droot.maxgigapop.net,43.296482,5.36978,"(43.296482,5.36978)"
msfr4.droot.maxgigapop.net,43.296482,5.36978,"(43.296482,5.36978)"
msfr5.droot.maxgigapop.net,43.296482,5.36978,"(43.296482,5.36978)"
msfr6.droot.maxgigapop.net,43.296482,5.36978,"(43.296482,5.36978)"
msfr7.droot.maxgigapop.net,43.296482,5.36978,"(43.296482,5.36978)"
msfr8.droot.maxgigapop.net,43.296482,5.36978,"(43.296482,5.36978)"
mcva1.droot.maxgigapop.net,38.9200861,-77.2115833,"(38.9200861,-77.2115833)"
mcva2.droot.maxgigapop.net,38.9200861,-77.2115833,"(38.9200861,-77.2115833)"
mcva3.droot.maxgigapop.net,38.9200861,-77.2115833,"(38.9200861,-77.2115833)"
mcva4.droot.maxgigapop.net,38.9200861,-77.2115833,"(38.9200861,-77.2115833)"
mbau1.droot.maxgigapop.net,-37.6733028,144.8430028,"(-37.6733028,144.8430028)"
mbau2.droot.maxgigapop.net,-37.6733028,144.8430028,"(-37.6733028,144.8430028)"
mrmx1.droot.maxgigapop.net,20.937,-89.6577,"(20.937,-89.6577)"
mrmx2.droot.maxgigapop.net,20.937,-89.6577,"(20.937,-89.6577)"
mcmx1.droot.maxgigapop.net,19.4326077,-99.133208,"(19.4326077,-99.133208)"
mcmx2.droot.maxgigapop.net,19.4326077,-99.133208,"(19.4326077,-99.133208)"
mifl1.droot.maxgigapop.net,25.7890972,-80.2040435,"(25.7890972,-80.2040435)"
mifl2.droot.maxgigapop.net,25.7890972,-80.2040435,"(25.7890972,-80.2040435)"
mifl3.droot.maxgigapop.net,25.7890972,-80.2040435,"(25.7890972,-80.2040435)"
mifl4.droot.maxgigapop.net,25.7890972,-80.2040435,"(25.7890972,-80.2040435)"
mifl5.droot.maxgigapop.net,25.7890972,-80.2040435,"(25.7890972,-80.2040435)"
mifl6.droot.maxgigapop.net,25.7890972,-80.2040435,"(25.7890972,-80.2040435)"
mifl7.droot.maxgigapop.net,25.7890972,-80.2040435,"(25.7890972,-80.2040435)"
mifl8.droot.maxgigapop.net,25.7890972,-80.2040435,"(25.7890972,-80.2040435)"
miwi1.droot.maxgigapop.net,43.0389025,-87.9064736,"(43.0389025,-87.9064736)"
miwi2.droot.maxgigapop.net,43.0389025,-87.9064736,"(43.0389025,-87.9064736)"
mnmn1.droot.maxgigapop.net,44.9772995,-93.2654692,"(44.9772995,-93.2654692)"
mnmn2.droot.maxgigapop.net,44.9772995,-93.2654692,"(44.9772995,-93.2654692)"
mdso1.droot.maxgigapop.net,2.0469343,45.3181623,"(2.0469343,45.3181623)"
mdso2.droot.maxgigapop.net,2.0469343,45.3181623,"(2.0469343,45.3181623)"
mbke1.droot.maxgigapop.net,-4.0434771,39.6682065,"(-4.0434771,39.6682065)"
mbke2.droot.maxgigapop.net,-4.0434771,39.6682065,"(-4.0434771,39.6682065)"
mtca1.droot.maxgigapop.net,46.0878165,-64.7782313,"(46.0878165,-64.7782313)"
mtca2.droot.maxgigapop.net,46.0878165,-64.7782313,"(46.0878165,-64.7782313)"
mrlr1.droot.maxgigapop.net,6.2907432,-10.7605239,"(6.2907432,-10.7605239)"
mrlr2.droot.maxgigapop.net,6.2907432,-10.7605239,"(6.2907432,-10.7605239)"
mgal1.droot.maxgigapop.net,32.3668052,-86.2999689,"(32.3668052,-86.2999689)"
mgal2.droot.maxgigapop.net,32.3668052,-86.2999689,"(32.3668052,-86.2999689)"
moca1.droot.maxgigapop.net,45.5086699,-73.5539925,"(45.5086699,-73.5539925)"
moca2.droot.maxgigapop.net,45.5086699,-73.5539925,"(45.5086699,-73.5539925)"
muin1.droot.maxgigapop.net,19.0761111,72.8678972,"(19.0761111,72.8678972)"
muin2.droot.maxgigapop.net,19.0761111,72.8678972,"(19.0761111,72.8678972)"
muin3.droot.maxgigapop.net,19.0761111,72.8678972,"(19.0761111,72.8678972)"
muin4.droot.maxgigapop.net,19.0761111,72.8678972,"(19.0761111,72.8678972)"
nrke1.droot.maxgigapop.net,-1.2920659,36.8219462,"(-1.2920659,36.8219462)"
nrke2.droot.maxgigapop.net,-1.2920659,36.8219462,"(-1.2920659,36.8219462)"
ndtd1.droot.maxgigapop.net,12.1337,15.034,"(12.1337,15.034)"
ndtd2.droot.maxgigapop.net,12.1337,15.034,"(12.1337,15.034)"
nyny1.droot.maxgigapop.net,40.7143528,-74.0059731,"(40.7143528,-74.0059731)"
nyny2.droot.maxgigapop.net,40.7143528,-74.0059731,"(40.7143528,-74.0059731)"
nyny3.droot.maxgigapop.net,40.7143528,-74.0059731,"(40.7143528,-74.0059731)"
nyny4.droot.maxgigapop.net,40.7143528,-74.0059731,"(40.7143528,-74.0059731)"
nyny5.droot.maxgigapop.net,40.7143528,-74.0059731,"(40.7143528,-74.0059731)"
nyny6.droot.maxgigapop.net,40.7143528,-74.0059731,"(40.7143528,-74.0059731)"
nyny7.droot.maxgigapop.net,40.7143528,-74.0059731,"(40.7143528,-74.0059731)"
nyny8.droot.maxgigapop.net,40.7143528,-74.0059731,"(40.7143528,-74.0059731)"
orfl1.droot.maxgigapop.net,28.4293944,-81.3089944,"(28.4293944,-81.3089944)"
orfl2.droot.maxgigapop.net,28.4293944,-81.3089944,"(28.4293944,-81.3089944)"
osjp1.droot.maxgigapop.net,34.7855,135.4380028,"(34.7855,135.4380028)"
osjp2.droot.maxgigapop.net,34.7855,135.4380028,"(34.7855,135.4380028)"
osno1.droot.maxgigapop.net,59.9133301,10.7389701,"(59.9133301,10.7389701)"
osno2.droot.maxgigapop.net,59.9133301,10.7389701,"(59.9133301,10.7389701)"
owca1.droot.maxgigapop.net,45.3224972,-75.6691972,"(45.3224972,-75.6691972)"
owca2.droot.maxgigapop.net,45.3224972,-75.6691972,"(45.3224972,-75.6691972)"
oubf1.droot.maxgigapop.net,12.3714277,-1.5196603,"(12.3714277,-1.5196603)"
oubf2.droot.maxgigapop.net,12.3714277,-1.5196603,"(12.3714277,-1.5196603)"
paky1.droot.maxgigapop.net,37.0608333,-88.77375,"(37.0608333,-88.77375)"
paky2.droot.maxgigapop.net,37.0608333,-88.77375,"(37.0608333,-88.77375)"
paca1.droot.maxgigapop.net,37.4418834,-122.1430195,"(37.4418834,-122.1430195)"
paca2.droot.maxgigapop.net,37.4418834,-122.1430195,"(37.4418834,-122.1430195)"
paca3.droot.maxgigapop.net,37.4418834,-122.1430195,"(37.4418834,-122.1430195)"
paca4.droot.maxgigapop.net,37.4418834,-122.1430195,"(37.4418834,-122.1430195)"
paca5.droot.maxgigapop.net,37.4418834,-122.1430195,"(37.4418834,-122.1430195)"
paca6.droot.maxgigapop.net,37.4418834,-122.1430195,"(37.4418834,-122.1430195)"
paca7.droot.maxgigapop.net,37.4418834,-122.1430195,"(37.4418834,-122.1430195)"
paca8.droot.maxgigapop.net,37.4418834,-122.1430195,"(37.4418834,-122.1430195)"
pcpa1.droot.maxgigapop.net,9.0713583,-79.3835,"(9.0713583,-79.3835)"
pcpa2.droot.maxgigapop.net,9.0713583,-79.3835,"(9.0713583,-79.3835)"
pmsr1.droot.maxgigapop.net,5.8247628,-55.1703941,"(5.8247628,-55.1703941)"
pmsr2.droot.maxgigapop.net,5.8247628,-55.1703941,"(5.8247628,-55.1703941)"
pafr1.droot.maxgigapop.net,48.856614,2.3522219,"(48.856614,2.3522219)"
pafr2.droot.maxgigapop.net,48.856614,2.3522219,"(48.856614,2.3522219)"
pafr3.droot.maxgigapop.net,48.856614,2.3522219,"(48.856614,2.3522219)"
pafr4.droot.maxgigapop.net,48.856614,2.3522219,"(48.856614,2.3522219)"
pafr5.droot.maxgigapop.net,48.856614,2.3522219,"(48.856614,2.3522219)"
pafr6.droot.maxgigapop.net,48.856614,2.3522219,"(48.856614,2.3522219)"
pafr7.droot.maxgigapop.net,48.856614,2.3522219,"(48.856614,2.3522219)"
pafr8.droot.maxgigapop.net,48.856614,2.3522219,"(48.856614,2.3522219)"
pabt1.droot.maxgigapop.net,27.428684,89.4163654,"(27.428684,89.4163654)"
pabt2.droot.maxgigapop.net,27.428684,89.4163654,"(27.428684,89.4163654)"
peau1.droot.maxgigapop.net,-31.9466522,115.912236,"(-31.9466522,115.912236)"
peau2.droot.maxgigapop.net,-31.9466522,115.912236,"(-31.9466522,115.912236)"
prau1.droot.maxgigapop.net,-31.9466522,115.912236,"(-31.9466522,115.912236)"
prau2.droot.maxgigapop.net,-31.9466522,115.912236,"(-31.9466522,115.912236)"
ppkh1.droot.maxgigapop.net,11.5448729,104.8921668,"(11.5448729,104.8921668)"
ppkh2.droot.maxgigapop.net,11.5448729,104.8921668,"(11.5448729,104.8921668)"
pxaz1.droot.maxgigapop.net,33.4483771,-112.0740373,"(33.4483771,-112.0740373)"
pxaz2.droot.maxgigapop.net,33.4483771,-112.0740373,"(33.4483771,-112.0740373)"
pbpa1.droot.maxgigapop.net,40.4914667,-80.2328722,"(40.4914667,-80.2328722)"
pbpa2.droot.maxgigapop.net,40.4914667,-80.2328722,"(40.4914667,-80.2328722)"
pgbr1.droot.maxgigapop.net,-25.0891685,-50.1601812,"(-25.0891685,-50.1601812)"
pgbr2.droot.maxgigapop.net,-25.0891685,-50.1601812,"(-25.0891685,-50.1601812)"
poor1.droot.maxgigapop.net,45.5234515,-122.6762071,"(45.5234515,-122.6762071)"
poor2.droot.maxgigapop.net,45.5234515,-122.6762071,"(45.5234515,-122.6762071)"
plmu1.droot.maxgigapop.net,-20.1668958,57.502332,"(-20.1668958,57.502332)"
plmu2.droot.maxgigapop.net,-20.1668958,57.502332,"(-20.1668958,57.502332)"
pstt1.droot.maxgigapop.net,10.6549013,-61.5019256,"(10.6549013,-61.5019256)"
pstt2.droot.maxgigapop.net,10.6549013,-61.5019256,"(10.6549013,-61.5019256)"
poar1.droot.maxgigapop.net,-27.3621374,-55.9008746,"(-27.3621374,-55.9008746)"
poar2.droot.maxgigapop.net,-27.3621374,-55.9008746,"(-27.3621374,-55.9008746)"
prcz1.droot.maxgigapop.net,50.0755381,14.4378005,"(50.0755381,14.4378005)"
prcz2.droot.maxgigapop.net,50.0755381,14.4378005,"(50.0755381,14.4378005)"
prcz3.droot.maxgigapop.net,50.0755381,14.4378005,"(50.0755381,14.4378005)"
prcz4.droot.maxgigapop.net,50.0755381,14.4378005,"(50.0755381,14.4378005)"
qtmx1.droot.maxgigapop.net,20.6173,-100.1859972,"(20.6173,-100.1859972)"
qtmx2.droot.maxgigapop.net,20.6173,-100.1859972,"(20.6173,-100.1859972)"
raps1.droot.maxgigapop.net,31.9,35.2,"(31.9,35.2)"
raps2.droot.maxgigapop.net,31.9,35.2,"(31.9,35.2)"
renv1.droot.maxgigapop.net,39.5296329,-119.8138027,"(39.5296329,-119.8138027)"
renv2.droot.maxgigapop.net,39.5296329,-119.8138027,"(39.5296329,-119.8138027)"
rkis1.droot.maxgigapop.net,64.133333,-21.933333,"(64.133333,-21.933333)"
rkis2.droot.maxgigapop.net,64.133333,-21.933333,"(64.133333,-21.933333)"
rmva1.droot.maxgigapop.net,37.5407246,-77.4360481,"(37.5407246,-77.4360481)"
rmva2.droot.maxgigapop.net,37.5407246,-77.4360481,"(37.5407246,-77.4360481)"
rglv1.droot.maxgigapop.net,56.9496487,24.1051864,"(56.9496487,24.1051864)"
rglv2.droot.maxgigapop.net,56.9496487,24.1051864,"(56.9496487,24.1051864)"
rdmd1.droot.maxgigapop.net,38.9708306,-76.9219056,"(38.9708306,-76.9219056)"
rdmd2.droot.maxgigapop.net,38.9708306,-76.9219056,"(38.9708306,-76.9219056)"
rdmd3.droot.maxgigapop.net,38.9708306,-76.9219056,"(38.9708306,-76.9219056)"
rdmd4.droot.maxgigapop.net,38.9708306,-76.9219056,"(38.9708306,-76.9219056)"
rasa1.droot.maxgigapop.net,24.638916,46.7160104,"(24.638916,46.7160104)"
rasa2.droot.maxgigapop.net,24.638916,46.7160104,"(24.638916,46.7160104)"
rtvg1.droot.maxgigapop.net,18.4448,-64.543,"(18.4448,-64.543)"
rtvg2.droot.maxgigapop.net,18.4448,-64.543,"(18.4448,-64.543)"
rmit1.droot.maxgigapop.net,41.9027835,12.4963655,"(41.9027835,12.4963655)"
rmit2.droot.maxgigapop.net,41.9027835,12.4963655,"(41.9027835,12.4963655)"
roar1.droot.maxgigapop.net,-32.9442426,-60.6505388,"(-32.9442426,-60.6505388)"
roar2.droot.maxgigapop.net,-32.9442426,-60.6505388,"(-32.9442426,-60.6505388)"
rodm1.droot.maxgigapop.net,15.547,-61.2999972,"(15.547,-61.2999972)"
rodm2.droot.maxgigapop.net,15.547,-61.2999972,"(15.547,-61.2999972)"
slut1.droot.maxgigapop.net,40.7596198,-111.8867975,"(40.7596198,-111.8867975)"
slut2.droot.maxgigapop.net,40.7596198,-111.8867975,"(40.7596198,-111.8867975)"
sbat1.droot.maxgigapop.net,47.80949,13.05501,"(47.80949,13.05501)"
sbat2.droot.maxgigapop.net,47.80949,13.05501,"(47.80949,13.05501)"
sfca1.droot.maxgigapop.net,37.7749295,-122.4194155,"(37.7749295,-122.4194155)"
sfca2.droot.maxgigapop.net,37.7749295,-122.4194155,"(37.7749295,-122.4194155)"
sjca1.droot.maxgigapop.net,37.3382082,-121.8863286,"(37.3382082,-121.8863286)"
sjca2.droot.maxgigapop.net,37.3382082,-121.8863286,"(37.3382082,-121.8863286)"
sjcr1.droot.maxgigapop.net,9.9280694,-84.0907246,"(9.9280694,-84.0907246)"
sjcr2.droot.maxgigapop.net,9.9280694,-84.0907246,"(9.9280694,-84.0907246)"
sjpr1.droot.maxgigapop.net,18.4663338,-66.1057217,"(18.4663338,-66.1057217)"
sjpr2.droot.maxgigapop.net,18.4663338,-66.1057217,"(18.4663338,-66.1057217)"
sphn1.droot.maxgigapop.net,15.4526,-87.9236,"(15.4526,-87.9236)"
sphn2.droot.maxgigapop.net,15.4526,-87.9236,"(15.4526,-87.9236)"
stcl1.droot.maxgigapop.net,-33.4488897,-70.6692655,"(-33.4488897,-70.6692655)"
stcl2.droot.maxgigapop.net,-33.4488897,-70.6692655,"(-33.4488897,-70.6692655)"
scdo1.droot.maxgigapop.net,19.4699,-70.7006,"(19.4699,-70.7006)"
scdo2.droot.maxgigapop.net,19.4699,-70.7006,"(19.4699,-70.7006)"
sjba1.droot.maxgigapop.net,43.8246,18.3315,"(43.8246,18.3315)"
sjba2.droot.maxgigapop.net,43.8246,18.3315,"(43.8246,18.3315)"
stca1.droot.maxgigapop.net,52.1332144,-106.6700458,"(52.1332144,-106.6700458)"
stca2.droot.maxgigapop.net,52.1332144,-106.6700458,"(52.1332144,-106.6700458)"
sewa1.droot.maxgigapop.net,47.6062095,-122.3320708,"(47.6062095,-122.3320708)"
sewa2.droot.maxgigapop.net,47.6062095,-122.3320708,"(47.6062095,-122.3320708)"
sewa3.droot.maxgigapop.net,47.6062095,-122.3320708,"(47.6062095,-122.3320708)"
sewa4.droot.maxgigapop.net,47.6062095,-122.3320708,"(47.6062095,-122.3320708)"
sckz1.droot.maxgigapop.net,50.4233463,80.250811,"(50.4233463,80.250811)"
sckz2.droot.maxgigapop.net,50.4233463,80.250811,"(50.4233463,80.250811)"
sekr1.droot.maxgigapop.net,37.5178175,126.7144832,"(37.5178175,126.7144832)"
sekr2.droot.maxgigapop.net,37.5178175,126.7144832,"(37.5178175,126.7144832)"
sokr1.droot.maxgigapop.net,37.5178175,126.7144832,"(37.5178175,126.7144832)"
sokr2.droot.maxgigapop.net,37.5178175,126.7144832,"(37.5178175,126.7144832)"
slde1.droot.maxgigapop.net,50.7072535,8.0761931,"(50.7072535,8.0761931)"
slde2.droot.maxgigapop.net,50.7072535,8.0761931,"(50.7072535,8.0761931)"
sgsg1.droot.maxgigapop.net,1.2800945,103.8509491,"(1.2800945,103.8509491)"
sgsg2.droot.maxgigapop.net,1.2800945,103.8509491,"(1.2800945,103.8509491)"
sgsg3.droot.maxgigapop.net,1.2800945,103.8509491,"(1.2800945,103.8509491)"
sgsg4.droot.maxgigapop.net,1.2800945,103.8509491,"(1.2800945,103.8509491)"
sgsg5.droot.maxgigapop.net,1.2800945,103.8509491,"(1.2800945,103.8509491)"
sgsg6.droot.maxgigapop.net,1.2800945,103.8509491,"(1.2800945,103.8509491)"
sgsg7.droot.maxgigapop.net,1.2800945,103.8509491,"(1.2800945,103.8509491)"
sgsg8.droot.maxgigapop.net,1.2800945,103.8509491,"(1.2800945,103.8509491)"
skmk1.droot.maxgigapop.net,41.9960924,21.4316495,"(41.9960924,21.4316495)"
skmk2.droot.maxgigapop.net,41.9960924,21.4316495,"(41.9960924,21.4316495)"
sobg1.droot.maxgigapop.net,42.6977082,23.3218675,"(42.6977082,23.3218675)"
sobg2.droot.maxgigapop.net,42.6977082,23.3218675,"(42.6977082,23.3218675)"
sobg3.droot.maxgigapop.net,42.6977082,23.3218675,"(42.6977082,23.3218675)"
sobg4.droot.maxgigapop.net,42.6977082,23.3218675,"(42.6977082,23.3218675)"
sbbl1.droot.maxgigapop.net,17.9044,-62.8436,"(17.9044,-62.8436)"
sbbl2.droot.maxgigapop.net,17.9044,-62.8436,"(17.9044,-62.8436)"
sgut1.droot.maxgigapop.net,37.0965278,-113.5684164,"(37.0965278,-113.5684164)"
sgut2.droot.maxgigapop.net,37.0965278,-113.5684164,"(37.0965278,-113.5684164)"
sggd1.droot.maxgigapop.net,12.0042,-61.7862028,"(12.0042,-61.7862028)"
sggd2.droot.maxgigapop.net,12.0042,-61.7862028,"(12.0042,-61.7862028)"
slmo1.droot.maxgigapop.net,38.627222,-90.197778,"(38.627222,-90.197778)"
slmo2.droot.maxgigapop.net,38.627222,-90.197778,"(38.627222,-90.197778)"
shse1.droot.maxgigapop.net,59.3293235,18.0685808,"(59.3293235,18.0685808)"
shse2.droot.maxgigapop.net,59.3293235,18.0685808,"(59.3293235,18.0685808)"
sgde1.droot.maxgigapop.net,48.7784485,9.1800132,"(48.7784485,9.1800132)"
sgde2.droot.maxgigapop.net,48.7784485,9.1800132,"(48.7784485,9.1800132)"
syau1.droot.maxgigapop.net,-33.8674869,151.2069902,"(-33.8674869,151.2069902)"
syau2.droot.maxgigapop.net,-33.8674869,151.2069902,"(-33.8674869,151.2069902)"
tatw1.droot.maxgigapop.net,25.0553347,121.3992102,"(25.0553347,121.3992102)"
tatw2.droot.maxgigapop.net,25.0553347,121.3992102,"(25.0553347,121.3992102)"
tptw1.droot.maxgigapop.net,25.0553347,121.3992102,"(25.0553347,121.3992102)"
tptw2.droot.maxgigapop.net,25.0553347,121.3992102,"(25.0553347,121.3992102)"
tafl1.droot.maxgigapop.net,27.950575,-82.4571776,"(27.950575,-82.4571776)"
tafl2.droot.maxgigapop.net,27.950575,-82.4571776,"(27.950575,-82.4571776)"
tafi1.droot.maxgigapop.net,61.5,23.766667,"(61.5,23.766667)"
tafi2.droot.maxgigapop.net,61.5,23.766667,"(61.5,23.766667)"
tagu1.droot.maxgigapop.net,13.4834,144.7960056,"(13.4834,144.7960056)"
tagu2.droot.maxgigapop.net,13.4834,144.7960056,"(13.4834,144.7960056)"
tkuz1.droot.maxgigapop.net,41.3123363,69.2787079,"(41.3123363,69.2787079)"
tkuz2.droot.maxgigapop.net,41.3123363,69.2787079,"(41.3123363,69.2787079)"
tghn1.droot.maxgigapop.net,14.0722751,-87.192136,"(14.0722751,-87.192136)"
tghn2.droot.maxgigapop.net,14.0722751,-87.192136,"(14.0722751,-87.192136)"
tail1.droot.maxgigapop.net,32.0852999,34.7817676,"(32.0852999,34.7817676)"
tail2.droot.maxgigapop.net,32.0852999,34.7817676,"(32.0852999,34.7817676)"
tlgr1.droot.maxgigapop.net,40.5197,22.9709,"(40.5197,22.9709)"
tlgr2.droot.maxgigapop.net,40.5197,22.9709,"(40.5197,22.9709)"
tial1.droot.maxgigapop.net,41.3275459,19.8186982,"(41.3275459,19.8186982)"
tial2.droot.maxgigapop.net,41.3275459,19.8186982,"(41.3275459,19.8186982)"
tkjp1.droot.maxgigapop.net,35.7686711,140.3635954,"(35.7686711,140.3635954)"
tkjp2.droot.maxgigapop.net,35.7686711,140.3635954,"(35.7686711,140.3635954)"
tkjp3.droot.maxgigapop.net,35.7686711,140.3635954,"(35.7686711,140.3635954)"
tkjp4.droot.maxgigapop.net,35.7686711,140.3635954,"(35.7686711,140.3635954)"
tojp1.droot.maxgigapop.net,35.7686711,140.3635954,"(35.7686711,140.3635954)"
tojp2.droot.maxgigapop.net,35.7686711,140.3635954,"(35.7686711,140.3635954)"
trca1.droot.maxgigapop.net,43.6772,-79.6306,"(43.6772,-79.6306)"
trca2.droot.maxgigapop.net,43.6772,-79.6306,"(43.6772,-79.6306)"
trno1.droot.maxgigapop.net,63.4305658,10.3951929,"(63.4305658,10.3951929)"
trno2.droot.maxgigapop.net,63.4305658,10.3951929,"(63.4305658,10.3951929)"
tutn1.droot.maxgigapop.net,36.8064948,10.1815316,"(36.8064948,10.1815316)"
tutn2.droot.maxgigapop.net,36.8064948,10.1815316,"(36.8064948,10.1815316)"
tuit1.droot.maxgigapop.net,45.070312,7.6868565,"(45.070312,7.6868565)"
tuit2.droot.maxgigapop.net,45.070312,7.6868565,"(45.070312,7.6868565)"
tctv1.droot.maxgigapop.net,-8.525,179.196,"(-8.525,179.196)"
tctv2.droot.maxgigapop.net,-8.525,179.196,"(-8.525,179.196)"
ubmn1.droot.maxgigapop.net,47.8431028,106.7669972,"(47.8431028,106.7669972)"
ubmn2.droot.maxgigapop.net,47.8431028,106.7669972,"(47.8431028,106.7669972)"
vcca1.droot.maxgigapop.net,49.1939,-123.1839972,"(49.1939,-123.1839972)"
vcca2.droot.maxgigapop.net,49.1939,-123.1839972,"(49.1939,-123.1839972)"
viat1.droot.maxgigapop.net,48.2081743,16.3738189,"(48.2081743,16.3738189)"
viat2.droot.maxgigapop.net,48.2081743,16.3738189,"(48.2081743,16.3738189)"
viat3.droot.maxgigapop.net,48.2081743,16.3738189,"(48.2081743,16.3738189)"
viat4.droot.maxgigapop.net,48.2081743,16.3738189,"(48.2081743,16.3738189)"
vila1.droot.maxgigapop.net,17.9883,102.5630028,"(17.9883,102.5630028)"
vila2.droot.maxgigapop.net,17.9883,102.5630028,"(17.9883,102.5630028)"
wapl1.droot.maxgigapop.net,52.2296756,21.0122287,"(52.2296756,21.0122287)"
wapl2.droot.maxgigapop.net,52.2296756,21.0122287,"(52.2296756,21.0122287)"
wapl3.droot.maxgigapop.net,52.2296756,21.0122287,"(52.2296756,21.0122287)"
wapl4.droot.maxgigapop.net,52.2296756,21.0122287,"(52.2296756,21.0122287)"
wspl1.droot.maxgigapop.net,52.1657,20.9671,"(52.1657,20.9671)"
wspl2.droot.maxgigapop.net,52.1657,20.9671,"(52.1657,20.9671)"
wtnz1.droot.maxgigapop.net,-41.2864603,174.776236,"(-41.2864603,174.776236)"
wtnz2.droot.maxgigapop.net,-41.2864603,174.776236,"(-41.2864603,174.776236)"
whna1.droot.maxgigapop.net,-22.5608807,17.0657549,"(-22.5608807,17.0657549)"
whna2.droot.maxgigapop.net,-22.5608807,17.0657549,"(-22.5608807,17.0657549)"
wpca1.droot.maxgigapop.net,49.8997541,-97.1374937,"(49.8997541,-97.1374937)"
wpca2.droot.maxgigapop.net,49.8997541,-97.1374937,"(49.8997541,-97.1374937)"
yamm1.droot.maxgigapop.net,16.9073,96.1332028,"(16.9073,96.1332028)"
yamm2.droot.maxgigapop.net,16.9073,96.1332028,"(16.9073,96.1332028)"
yvam1.droot.maxgigapop.net,40.1791857,44.4991029,"(40.1791857,44.4991029)"
yvam2.droot.maxgigapop.net,40.1791857,44.4991029,"(40.1791857,44.4991029)"
ykid1.droot.maxgigapop.net,-7.9075,110.0544444,"(-7.9075,110.0544444)"
ykid2.droot.maxgigapop.net,-7.9075,110.0544444,"(-7.9075,110.0544444)"
zghr1.droot.maxgigapop.net,45.8150108,15.981919,"(45.8150108,15.981919)"
zghr2.droot.maxgigapop.net,45.8150108,15.981919,"(45.8150108,15.981919)"
zhch1.droot.maxgigapop.net,47.3768866,8.541694,"(47.3768866,8.541694)"
zhch2.droot.maxgigapop.net,47.3768866,8.541694,"(47.3768866,8.541694)"
zrch1.droot.maxgigapop.net,47.3768866,8.541694,"(47.3768866,8.541694)"
zrch2.droot.maxgigapop.net,47.3768866,8.541694,"(47.3768866,8.541694)"
zuch1.droot.maxgigapop.net,47.3768866,8.541694,"(47.3768866,8.541694)"
zuch2.droot.maxgigapop.net,47.3768866,8.541694,"(47.3768866,8.541694)"
acc,5.621388,-0.185443,"(5.621388,-0.185443)"
vga,16.499451,80.430005,"(16.499451,80.430005)"
amx,52.376051,4.902197,"(52.376051,4.902197)"
amz,52.376051,4.902197,"(52.376051,4.902197)"
ank,39.939289,32.852299,"(39.939289,32.852299)"
ash,39.038132,-77.497199,"(39.038132,-77.497199)"
asu,-25.263867,-57.567143,"(-25.263867,-57.567143)"
bkk,13.748975,100.49627,"(13.748975,100.49627)"
bei,39.894328,116.413741,"(39.894328,116.413741)"
sox,44.827197,20.45389,"(44.827197,20.45389)"
ber,52.514029,13.41072,"(52.514029,13.41072)"
bts,48.155683,17.104361,"(48.155683,17.104361)"
bnx,50.847339,4.356602,"(50.847339,4.356602)"
rox,44.432301,26.110193,"(44.432301,26.110193)"
eze,-34.594273,-58.369033,"(-34.594273,-58.369033)"
yyc,51.046509,-114.058798,"(51.046509,-114.058798)"
chi,41.876857,-87.621813,"(41.876857,-87.621813)"
cbb,-17.411162,-66.14482,"(-17.411162,-66.14482)"
ccp,-36.832406,-73.047861,"(-36.832406,-73.047861)"
dps,-8.643075,115.224201,"(-8.643075,115.224201)"
qtr,25.277669,51.528746,"(25.277669,51.528746)"
dbi,25.198898,55.277577,"(25.198898,55.277577)"
mco,28.743223,-81.381176,"(28.743223,-81.381176)"
dex,50.119606,8.685439,"(50.119606,8.685439)"
fmt,37.539397,-121.986864,"(37.539397,-121.986864)"
got,57.717614,11.98341,"(57.717614,11.98341)"
gua,14.629173,-90.540189,"(14.629173,-90.540189)"
gye,-2.186948,-79.89344,"(-2.186948,-79.89344)"
fix,60.172566,24.940254,"(60.172566,24.940254)"
hel,60.172566,24.940254,"(60.172566,24.940254)"
hkx,22.310169,114.174994,"(22.310169,114.174994)"
jax,30.343011,-81.833462,"(30.343011,-81.833462)"
jak,-6.214523,106.852214,"(-6.214523,106.852214)"
jbt,-26.206535,28.044892,"(-26.206535,28.044892)"
jnb,-26.206535,28.044892,"(-26.206535,28.044892)"
rwx,-1.950799,30.059084,"(-1.950799,30.059084)"
kul,3.143825,101.679786,"(3.143825,101.679786)"
ukx,50.446321,30.525051,"(50.446321,30.525051)"
lim,-12.033714,-77.026357,"(-12.033714,-77.026357)"
lju,46.065823,14.50024,"(46.065823,14.50024)"
lnx,51.505088,-0.119949,"(51.505088,-0.119949)"
lon,51.505088,-0.119949,"(51.505088,-0.119949)"
lul,65.604504,22.156869,"(65.604504,22.156869)"
lux,49.617173,6.136898,"(49.617173,6.136898)"
cmx,55.566894,13.018172,"(55.566894,13.018172)"
cph,55.566894,13.018172,"(55.566894,13.018172)"
bah,26.22061,50.587087,"(26.22061,50.587087)"
mnl,14.596226,120.982803,"(14.596226,120.982803)"
mex,19.431363,-99.133151,"(19.431363,-99.133151)"
mia,25.763972,-80.197869,"(25.763972,-80.197869)"
mix,45.465926,9.196202,"(45.465926,9.196202)"
mln,45.465926,9.196202,"(45.465926,9.196202)"
mnp,44.971962,-93.271038,"(44.971962,-93.271038)"
mty,25.693377,-100.322017,"(25.693377,-100.322017)"
mtv,-34.901808,-56.163403,"(-34.901808,-56.163403)"
yul,45.496385,-73.558183,"(45.496385,-73.558183)"
del,28.608882,77.205785,"(28.608882,77.205785)"
nix,59.923284,10.742755,"(59.923284,10.742755)"
osl,59.923284,10.742755,"(59.923284,10.742755)"
pix,37.465518,-122.140231,"(37.465518,-122.140231)"
pty,8.986545,-79.52383,"(8.986545,-79.52383)"
org,5.851718,-55.222593,"(5.851718,-55.222593)"
cdg,48.855725,2.349194,"(48.855725,2.349194)"
par,48.855725,2.349194,"(48.855725,2.349194)"
pwq,52.293892,76.974186,"(52.293892,76.974186)"
prt,-31.945339,115.86341,"(-31.945339,115.86341)"
pnh,11.543758,104.923404,"(11.543758,104.923404)"
poa,-30.046945,-51.223378,"(-30.046945,-51.223378)"
vux,-17.740356,168.321175,"(-17.740356,168.321175)"
trt,10.256815,-61.368239,"(10.256815,-61.368239)"
rba,34.011544,-6.836315,"(34.011544,-6.836315)"
rkv,64.147725,-21.947503,"(64.147725,-21.947503)"
rig,56.952381,24.111318,"(56.952381,24.111318)"
rix,56.952381,24.111318,"(56.952381,24.111318)"
ruh,24.633952,46.707653,"(24.633952,46.707653)"
sao,-23.55212,-46.647269,"(-23.55212,-46.647269)"
plx,50.424405,80.274361,"(50.424405,80.274361)"
she,41.800763,123.401029,"(41.800763,123.401029)"
thr,35.720304,51.329631,"(35.720304,51.329631)"
sin,1.357096,103.819375,"(1.357096,103.819375)"
sof,42.691467,23.335126,"(42.691467,23.335126)"
lab,59.33902,18.061148,"(59.33902,18.061148)"
stm,59.33902,18.061148,"(59.33902,18.061148)"
stn,59.33902,18.061148,"(59.33902,18.061148)"
sto,59.33902,18.061148,"(59.33902,18.061148)"
stu,59.33902,18.061148,"(59.33902,18.061148)"
sub,59.33902,18.061148,"(59.33902,18.061148)"
vir,59.33902,18.061148,"(59.33902,18.061148)"
spb,59.93015,30.369164,"(59.93015,30.369164)"
sdl,62.387574,17.27741,"(62.387574,17.27741)"
tai,25.039101,121.559872,"(25.039101,121.559872)"
tll,59.442733,24.762087,"(59.442733,24.762087)"
thi,27.47811,89.635503,"(27.47811,89.635503)"
jpp,35.67649,139.656068,"(35.67649,139.656068)"
tok,35.67649,139.656068,"(35.67649,139.656068)"
yyz,43.645423,-79.368842,"(43.645423,-79.368842)"
ula,47.911073,106.925952,"(47.911073,106.925952)"
yvr,49.245566,-122.949325,"(49.245566,-122.949325)"
wie,48.208884,16.365399,"(48.208884,16.365399)"
vno,54.755187,25.296416,"(54.755187,25.296416)"
wel,-41.292738,174.786027,"(-41.292738,174.786027)"
evn,40.177822,44.521246,"(40.177822,44.521246)"
yia,-7.788389,110.395526,"(-7.788389,110.395526)"
mar,10.292847,-72.132222,"(10.292847,-72.132222)"
001.apg.h.root-servers.org,39.476245,-76.119154,"(39.476245,-76.119154)"
001.den.h.root-servers.org,39.749446,-104.992867,"(39.749446,-104.992867)"
001.dxb.h.root-servers.org,25.02369,55.18639,"(25.02369,55.18639)"
001.fra.h.root-servers.org,50.11944,8.735556,"(50.11944,8.735556)"
001.hkg.h.root-servers.org,22.36222,114.1189,"(22.36222,114.1189)"
001.jnb.h.root-servers.org,-26.13778,28.1975,"(-26.13778,28.1975)"
001.lcy.h.root-servers.org,51.523551,-0.100785,"(51.523551,-0.100785)"
001.mia.h.root-servers.org,25.781873,-80.193258,"(25.781873,-80.193258)"
001.nzy.h.root-servers.org,32.706253,-117.237842,"(32.706253,-117.237842)"
001.gru.h.root-servers.org,-23.46611,-46.86306,"(-23.46611,-46.86306)"
001.syd.h.root-servers.org,-33.91167,151.1928,"(-33.91167,151.1928)"
001.hnd.h.root-servers.org,35.656583,139.803219,"(35.656583,139.803219)"
ns1.am-abo.k.ripe.net,40.2714761,44.6333951,"(40.2714761,44.6333951)"
ns1.gh-acc.k.ripe.net,5.5571096,-0.2012376,"(5.5571096,-0.2012376)"
ns1.nl-ams.k.ripe.net,52.3727598,4.8936041,"(52.3727598,4.8936041)"
ns2.nl-ams.k.ripe.net,52.3727598,4.8936041,"(52.3727598,4.8936041)"
ns3.nl-ams.k.ripe.net,52.3727598,4.8936041,"(52.3727598,4.8936041)"
ns1.us-ric.k.ripe.net,38.4784144,-82.6379387,"(38.4784144,-82.6379387)"
ns1.kz-ast.k.ripe.net,51.160522,71.47036,"(51.160522,71.47036)"
ns1.gr-ath.k.ripe.net,37.9839412,23.7283052,"(37.9839412,23.7283052)"
ns1.nz-akl.k.ripe.net,-36.852095,174.7631803,"(-36.852095,174.7631803)"
ns1.es-bcn.k.ripe.net,41.3828939,2.1774322,"(41.3828939,2.1774322)"
ns1.cn-bjs.k.ripe.net,39.906217,116.3912757,"(39.906217,116.3912757)"
ns1.lb-bey.k.ripe.net,33.8959203,35.47843,"(33.8959203,35.47843)"
ns1.rs-beg.k.ripe.net,44.8178131,20.4568974,"(44.8178131,20.4568974)"
ns1.us-bzo.k.ripe.net,44.0581728,-121.3153096,"(44.0581728,-121.3153096)"
ns1.de-ber.k.ripe.net,52.5170365,13.3888599,"(52.5170365,13.3888599)"
ns2.de-ber.k.ripe.net,52.5170365,13.3888599,"(52.5170365,13.3888599)"
ns1.kg-fru.k.ripe.net,42.8777895,74.6066926,"(42.8777895,74.6066926)"
ns2.kg-fru.k.ripe.net,42.8777895,74.6066926,"(42.8777895,74.6066926)"
ns1.au-bne.k.ripe.net,-27.4689682,153.0234991,"(-27.4689682,153.0234991)"
ns1.ro-buh.k.ripe.net,44.4361414,26.1027202,"(44.4361414,26.1027202)"
ns1.hu-bud.k.ripe.net,47.48138955,19.14609412691246,"(47.48138955,19.14609412691246)"
ns1.ar-bue.k.ripe.net,-34.6075682,-58.4370894,"(-34.6075682,-58.4370894)"
ns1.ca-cal.k.ripe.net,51.0460954,-114.065465,"(51.0460954,-114.065465)"
ns1.ve-ccs.k.ripe.net,10.5060934,-66.9146008,"(10.5060934,-66.9146008)"
ns1.in-maa.k.ripe.net,13.0836939,80.270186,"(13.0836939,80.270186)"
ns1.md-kiv.k.ripe.net,47.0245117,28.8322923,"(47.0245117,28.8322923)"
ns1.us-cmh.k.ripe.net,39.9622601,-83.0007065,"(39.9622601,-83.0007065)"
ns1.ie-ork.k.ripe.net,51.897077,-8.4654674,"(51.897077,-8.4654674)"
ns2.us-dal.k.ripe.net,32.7762719,-96.7968559,"(32.7762719,-96.7968559)"
ns1.us-dal.k.ripe.net,32.8000719,-96.6723139,"(32.8000719,-96.6723139)"
ns1.in-del.k.ripe.net,28.6517178,77.2219388,"(28.6517178,77.2219388)"
ns1.id-dps.k.ripe.net,-8.6524973,115.2191175,"(-8.6524973,115.2191175)"
ns1.qa-doh.k.ripe.net,25.2856329,51.5264162,"(25.2856329,51.5264162)"
ns1.ae-dxb.k.ripe.net,25.2653471,55.2924914,"(25.2653471,55.2924914)"
ns1.tj-dyu.k.ripe.net,38.5425835,68.81521423589763,"(38.5425835,68.81521423589763)"
ns1.ir-esf.k.ripe.net,32.6707877,51.6650002,"(32.6707877,51.6650002)"
ns1.at-fkt.k.ripe.net,47.2375671,9.5981724,"(47.2375671,9.5981724)"
ns1.de-fra.k.ripe.net,50.1106444,8.6820917,"(50.1106444,8.6820917)"
ns2.de-fra.k.ripe.net,50.1106444,8.6820917,"(50.1106444,8.6820917)"
ns3.de-fra.k.ripe.net,50.1106444,8.6820917,"(50.1106444,8.6820917)"
ns1.pl-gdy.k.ripe.net,54.50383255,18.46280615588461,"(54.50383255,18.46280615588461)"
ns1.ch-gva.k.ripe.net,46.2017559,6.1466014,"(46.2017559,6.1466014)"
ns1.cn-ggz.k.ripe.net,23.1301964,113.2592945,"(23.1301964,113.2592945)"
ns1.cn-gya.k.ripe.net,25.7561647,112.72964,"(25.7561647,112.72964)"
ns1.de-ham.k.ripe.net,53.550341,10.000654,"(53.550341,10.000654)"
ns1.vn-han.k.ripe.net,21.0294498,105.8544441,"(21.0294498,105.8544441)"
ns1.gu-gum.k.ripe.net,13.5,144.8,"(13.5,144.8)"
ns1.fi-hel.k.ripe.net,60.1674881,24.9427473,"(60.1674881,24.9427473)"
ns1.hk-hkg.k.ripe.net,22.2793278,114.1628131,"(22.2793278,114.1628131)"
ns1.tr-izm.k.ripe.net,38.4224548,27.1310699,"(38.4224548,27.1310699)"
ns1.id-jkt.k.ripe.net,-6.1753942,106.827183,"(-6.1753942,106.827183)"
ns2.id-jkt.k.ripe.net,-6.1753942,106.827183,"(-6.1753942,106.827183)"
ns1.za-jnb.k.ripe.net,-26.205,28.049722,"(-26.205,28.049722)"
ns1.us-mkc.k.ripe.net,39.100105,-94.5781416,"(39.100105,-94.5781416)"
ns2.us-mkc.k.ripe.net,39.100105,-94.5781416,"(39.100105,-94.5781416)"
ns1.de-kae.k.ripe.net,49.0068705,8.4034195,"(49.0068705,8.4034195)"
ns1.lu-lux.k.ripe.net,49.6278334,6.1596669,"(49.6278334,6.1596669)"
ns2.kw-kwi.k.ripe.net,29.3797091,47.9735629,"(29.3797091,47.9735629)"
ns1.kw-kwi.k.ripe.net,29.3797091,47.9735629,"(29.3797091,47.9735629)"
ns1.ua-iev.k.ripe.net,50.4500336,30.5241361,"(50.4500336,30.5241361)"
ns1.ng-los.k.ripe.net,6.4550575,3.3941795,"(6.4550575,3.3941795)"
ns1.pk-lhe.k.ripe.net,31.5656822,74.3141829,"(31.5656822,74.3141829)"
ns2.pk-lhe.k.ripe.net,31.5656822,74.3141829,"(31.5656822,74.3141829)"
ns2.pt-lis.k.ripe.net,38.7077507,-9.1365919,"(38.7077507,-9.1365919)"
ns1.pt-lis.k.ripe.net,38.7077507,-9.1365919,"(38.7077507,-9.1365919)"
ns1.gb-lon.k.ripe.net,51.5073219,-0.1276474,"(51.5073219,-0.1276474)"
ns2.gb-lon.k.ripe.net,51.5073219,-0.1276474,"(51.5073219,-0.1276474)"
ns3.gb-lon.k.ripe.net,51.5073219,-0.1276474,"(51.5073219,-0.1276474)"
ns1.ua-vsg.k.ripe.net,48.5717084,39.2973153,"(48.5717084,39.2973153)"
ns1.ua-lvv.k.ripe.net,49.841952,24.0315921,"(49.841952,24.0315921)"
ns1.fr-lio.k.ripe.net,45.7578137,4.8320114,"(45.7578137,4.8320114)"
ns2.es-mad.k.ripe.net,40.4167047,-3.7035825,"(40.4167047,-3.7035825)"
ns1.es-mad.k.ripe.net,40.4167047,-3.7035825,"(40.4167047,-3.7035825)"
ns1.ph-mti.k.ripe.net,14.56005,121.02009,"(14.56005,121.02009)"
ns1.bh-amh.k.ripe.net,26.2235041,50.5822436,"(26.2235041,50.5822436)"
ns2.bh-amh.k.ripe.net,26.22936415,50.53723225826743,"(26.22936415,50.53723225826743)"
ns1.in-mai.k.ripe.net,12.8698101,74.8430082,"(12.8698101,74.8430082)"
ns2.ve-mar.k.ripe.net,10.6498095,-71.6443596,"(10.6498095,-71.6443596)"
ns1.ve-mar.k.ripe.net,10.6498095,-71.6443596,"(10.6498095,-71.6443596)"
ns1.ve-myc.k.ripe.net,10.2375144,-67.5890216,"(10.2375144,-67.5890216)"
ns1.ir-mhd.k.ripe.net,36.2974945,59.6059232,"(36.2974945,59.6059232)"
ns1.us-mia.k.ripe.net,25.7741728,-80.19362,"(25.7741728,-80.19362)"
ns2.us-mia.k.ripe.net,25.7741728,-80.19362,"(25.7741728,-80.19362)"
ns3.us-mia.k.ripe.net,25.7741728,-80.19362,"(25.7741728,-80.19362)"
ns1.it-mil.k.ripe.net,45.4668,9.1905,"(45.4668,9.1905)"
ns1.mx-mty.k.ripe.net,25.64442945,-100.29501573597976,"(25.64442945,-100.29501573597976)"
ns1.uy-mvd.k.ripe.net,-34.9058916,-56.1913095,"(-34.9058916,-56.1913095)"
ns1.ca-mtr.k.ripe.net,45.5031824,-73.5698065,"(45.5031824,-73.5698065)"
ns1.ru-mow.k.ripe.net,55.7504461,37.6174943,"(55.7504461,37.6174943)"
ns1.in-bom.k.ripe.net,19.0759899,72.8773928,"(19.0759899,72.8773928)"
ns1.ke-nbo.k.ripe.net,-1.292066,36.821945,"(-1.292066,36.821945)"
ns2.in-del.k.ripe.net,28.6138954,77.2090057,"(28.6138954,77.2090057)"
ns1.ru-ovb.k.ripe.net,55.0282171,82.9234509,"(55.0282171,82.9234509)"
ns1.gl-goh.k.ripe.net,64.175029,-51.7355386,"(64.175029,-51.7355386)"
ns1.ca-ott.k.ripe.net,45.4211435,-75.6900574,"(45.4211435,-75.6900574)"
ns1.bf-oua.k.ripe.net,12.3681873,-1.5270944,"(12.3681873,-1.5270944)"
ns1.it-pmo.k.ripe.net,38.1112268,13.3524434,"(38.1112268,13.3524434)"
ns2.it-pmo.k.ripe.net,38.1112268,13.3524434,"(38.1112268,13.3524434)"
ns1.pa-pty.k.ripe.net,8.9714493,-79.5341802,"(8.9714493,-79.5341802)"
ns1.fr-par.k.ripe.net,48.8566969,2.3514616,"(48.8566969,2.3514616)"
ns1.kz-pwq.k.ripe.net,52.2857573,76.9455035,"(52.2857573,76.9455035)"
ns1.kh-pnh.k.ripe.net,11.568271,104.9224426,"(11.568271,104.9224426)"
ns1.it-pcz.k.ripe.net,45.0534751,9.6947461,"(45.0534751,9.6947461)"
ns1.br-pgz.k.ripe.net,-25.0891685,-50.1601812,"(-25.0891685,-50.1601812)"
ns1.pl-poz.k.ripe.net,52.4006632,16.91973259178088,"(52.4006632,16.91973259178088)"
ns1.cz-prg.k.ripe.net,50.0596288,14.446459273258007,"(50.0596288,14.446459273258007)"
ns1.it-ota.k.ripe.net,43.880598,11.0969262,"(43.880598,11.0969262)"
ns1.cl-puq.k.ripe.net,-53.1625688,-70.907822,"(-53.1625688,-70.907822)"
ns1.mx-qro.k.ripe.net,20.592774,-100.390225,"(20.592774,-100.390225)"
ns1.us-rno.k.ripe.net,39.5261206,-119.8126581,"(39.5261206,-119.8126581)"
ns1.is-rey.k.ripe.net,64.145981,-21.9422367,"(64.145981,-21.9422367)"
ns1.lv-rix.k.ripe.net,56.9493977,24.1051846,"(56.9493977,24.1051846)"
ns1.sa-ruh.k.ripe.net,24.638916,46.7160104,"(24.638916,46.7160104)"
ns1.ru-led.k.ripe.net,59.917857350000006,30.38061935702552,"(59.917857350000006,30.38061935702552)"
ns1.br-ssa.k.ripe.net,-12.9822499,-38.4812772,"(-12.9822499,-38.4812772)"
ns1.at-szg.k.ripe.net,47.811195,13.033229,"(47.811195,13.033229)"
ns1.cr-sjo.k.ripe.net,9.9325427,-84.0795782,"(9.9325427,-84.0795782)"
ns1.hn-sap.k.ripe.net,15.49363865,-88.00776696107931,"(15.49363865,-88.00776696107931)"
ns1.cl-scl.k.ripe.net,-33.4377756,-70.6504502,"(-33.4377756,-70.6504502)"
ns1.ba-sjj.k.ripe.net,43.8519774,18.3866868,"(43.8519774,18.3866868)"
ns1.ca-sak.k.ripe.net,52.131802,-106.660767,"(52.131802,-106.660767)"
ns1.kz-plx.k.ripe.net,50.405029,80.249176,"(50.405029,80.249176)"
ns1.mk-skp.k.ripe.net,41.9960924,21.4316495,"(41.9960924,21.4316495)"
ns2.bg-sof.k.ripe.net,42.6978634,23.3221789,"(42.6978634,23.3221789)"
ns1.bg-sof.k.ripe.net,42.6978634,23.3221789,"(42.6978634,23.3221789)"
ns1.us-sgu.k.ripe.net,37.104153,-113.5841313,"(37.104153,-113.5841313)"
ns1.id-sub.k.ripe.net,-7.2459717,112.7378266,"(-7.2459717,112.7378266)"
ns1.ir-tbz.k.ripe.net,38.096237,46.2738,"(38.096237,46.2738)"
ns1.tw-tpe.k.ripe.net,25.0375198,121.5636796,"(25.0375198,121.5636796)"
ns2.tw-tpe.k.ripe.net,25.0375198,121.5636796,"(25.0375198,121.5636796)"
ns1.ee-tll.k.ripe.net,59.4372155,24.7453688,"(59.4372155,24.7453688)"
ns1.uz-tas.k.ripe.net,41.3123363,69.2787079,"(41.3123363,69.2787079)"
ns1.ge-tbs.k.ripe.net,41.6934591,44.8014495,"(41.6934591,44.8014495)"
ns3.ir-thr.k.ripe.net,35.6892523,51.3896004,"(35.6892523,51.3896004)"
ns2.ir-thr.k.ripe.net,35.6892523,51.3896004,"(35.6892523,51.3896004)"
ns1.ir-thr.k.ripe.net,35.6892523,51.3896004,"(35.6892523,51.3896004)"
ns1.bt-thi.k.ripe.net,27.4713546,89.6336729,"(27.4713546,89.6336729)"
ns1.al-tia.k.ripe.net,41.3281482,19.8184435,"(41.3281482,19.8184435)"
ns2.jp-tyo.k.ripe.net,35.6828387,139.7594549,"(35.6828387,139.7594549)"
ns1.jp-tyo.k.ripe.net,35.6828387,139.7594549,"(35.6828387,139.7594549)"
ns3.jp-tyo.k.ripe.net,35.6828387,139.7594549,"(35.6828387,139.7594549)"
ns1.fo-tor.k.ripe.net,62.012,-6.768,"(62.012,-6.768)"
ns1.ca-van.k.ripe.net,49.2608724,-123.113952,"(49.2608724,-123.113952)"
ns1.at-vie.k.ripe.net,48.2083537,16.3725042,"(48.2083537,16.3725042)"
ns2.at-vie.k.ripe.net,48.2083537,16.3725042,"(48.2083537,16.3725042)"
ns1.lt-vil.k.ripe.net,54.6870458,25.2829111,"(54.6870458,25.2829111)"
ns1.cl-kna.k.ripe.net,-33.0244535,-71.5517636,"(-33.0244535,-71.5517636)"
ns1.pl-waw.k.ripe.net,52.2337172,21.071432235636493,"(52.2337172,21.071432235636493)"
ns3.at-vie.k.ripe.net,48.208176,16.373819,"(48.208176,16.373819)"
ns1.mm-rgn.k.ripe.net,16.7967129,96.1609916,"(16.7967129,96.1609916)"
ns1.am-evn.k.ripe.net,40.1776121,44.5125849,"(40.1776121,44.5125849)"
ns1.id-jog.k.ripe.net,-7.977838399999999,110.36722565020224,"(-7.977838399999999,110.36722565020224)"
ns1.ch-zrh.k.ripe.net,47.3744489,8.5410422,"(47.3744489,8.5410422)"
a3.nl-ams.root,52.3702157,4.8951679,"(52.3702157,4.8951679)"
n3.nl-ams.root,52.3702157,4.8951679,"(52.3702157,4.8951679)"
a2.us-iad.root,39.0437567,-77.4874416,"(39.0437567,-77.4874416)"
n2.us-iad.root,39.0437567,-77.4874416,"(39.0437567,-77.4874416)"
a1.gr-ath.root,37.983917,23.7293599,"(37.983917,23.7293599)"
n1.gr-ath.root,37.983917,23.7293599,"(37.983917,23.7293599)"
a3.us-atl.root,33.7489954,-84.3879824,"(33.7489954,-84.3879824)"
n3.us-atl.root,33.7489954,-84.3879824,"(33.7489954,-84.3879824)"
a8.in-blr.root,12.9715987,77.5945627,"(12.9715987,77.5945627)"
n8.in-blr.root,12.9715987,77.5945627,"(12.9715987,77.5945627)"
a1.th-bkk.root,13.7563309,100.5017651,"(13.7563309,100.5017651)"
n1.th-bkk.root,13.7563309,100.5017651,"(13.7563309,100.5017651)"
a2.es-bcn.root,41.3850639,2.1734035,"(41.3850639,2.1734035)"
n2.es-bcn.root,41.3850639,2.1734035,"(41.3850639,2.1734035)"
a3.cn-bjs.root,39.904211,116.407395,"(39.904211,116.407395)"
n3.cn-bjs.root,39.904211,116.407395,"(39.904211,116.407395)"
a1.lb-bey.root,33.8886289,35.4954794,"(33.8886289,35.4954794)"
n1.lb-bey.root,33.8886289,35.4954794,"(33.8886289,35.4954794)"
a2.rs-beg.root,44.786568,20.4489216,"(44.786568,20.4489216)"
n2.rs-beg.root,44.786568,20.4489216,"(44.786568,20.4489216)"
a1.de-ber.root,52.5200066,13.404954,"(52.5200066,13.404954)"
n1.de-ber.root,52.5200066,13.404954,"(52.5200066,13.404954)"
a2.de-ber.root,52.5200066,13.404954,"(52.5200066,13.404954)"
n2.de-ber.root,52.5200066,13.404954,"(52.5200066,13.404954)"
a2.lu-lux.root,49.5192118,6.1002461,"(49.5192118,6.1002461)"
n2.lu-lux.root,49.5192118,6.1002461,"(49.5192118,6.1002461)"
a1.us-ind.root,39.165325,-86.5263857,"(39.165325,-86.5263857)"
n1.us-ind.root,39.165325,-86.5263857,"(39.165325,-86.5263857)"
a1.sk-bts.root,48.1458923,17.1071373,"(48.1458923,17.1071373)"
n1.sk-bts.root,48.1458923,17.1071373,"(48.1458923,17.1071373)"
a1.au-bne.root,-27.4697707,153.0251235,"(-27.4697707,153.0251235)"
n1.au-bne.root,-27.4697707,153.0251235,"(-27.4697707,153.0251235)"
a1.ar-bue.root,-34.6037232,-58.3815931,"(-34.6037232,-58.3815931)"
n1.ar-bue.root,-34.6037232,-58.3815931,"(-34.6037232,-58.3815931)"
a1.ca-cal.root,51.0486151,-114.0708459,"(51.0486151,-114.0708459)"
n1.ca-cal.root,51.0486151,-114.0708459,"(51.0486151,-114.0708459)"
a2.za-cpt.root,-33.9248685,18.4240553,"(-33.9248685,18.4240553)"
n2.za-cpt.root,-33.9248685,18.4240553,"(-33.9248685,18.4240553)"
a1.us-chi.root,41.8781136,-87.6297982,"(41.8781136,-87.6297982)"
n1.us-chi.root,41.8781136,-87.6297982,"(41.8781136,-87.6297982)"
a1.us-btl.root,35.2431063,-77.586366,"(35.2431063,-77.586366)"
n1.us-btl.root,35.2431063,-77.586366,"(35.2431063,-77.586366)"
a1.ar-cor.root,-31.4173391,-64.183319,"(-31.4173391,-64.183319)"
n1.ar-cor.root,-31.4173391,-64.183319,"(-31.4173391,-64.183319)"
a1.tz-dar.root,-6.8,39.283333,"(-6.8,39.283333)"
n1.tz-dar.root,-6.8,39.283333,"(-6.8,39.283333)"
a2.us-den.root,39.7392358,-104.990251,"(39.7392358,-104.990251)"
n2.us-den.root,39.7392358,-104.990251,"(39.7392358,-104.990251)"
a2.us-dsm.root,41.6005448,-93.6091064,"(41.6005448,-93.6091064)"
n2.us-dsm.root,41.6005448,-93.6091064,"(41.6005448,-93.6091064)"
a3.bd-dac.root,23.810332,90.4125181,"(23.810332,90.4125181)"
n3.bd-dac.root,23.810332,90.4125181,"(23.810332,90.4125181)"
a1.dj-jib.root,11.5720765,43.1456475,"(11.5720765,43.1456475)"
n1.dj-jib.root,11.5720765,43.1456475,"(11.5720765,43.1456475)"
a2.ie-dub.root,53.3498053,-6.2603097,"(53.3498053,-6.2603097)"
n2.ie-dub.root,53.3498053,-6.2603097,"(53.3498053,-6.2603097)"
a1.us-eau.root,44.811349,-91.4984941,"(44.811349,-91.4984941)"
n1.us-eau.root,44.811349,-91.4984941,"(44.811349,-91.4984941)"
a2.gb-edi.root,55.953252,-3.188267,"(55.953252,-3.188267)"
n2.gb-edi.root,55.953252,-3.188267,"(55.953252,-3.188267)"
a5.de-fra.root,50.1109221,8.6821267,"(50.1109221,8.6821267)"
n5.de-fra.root,50.1109221,8.6821267,"(50.1109221,8.6821267)"
a1.ch-gva.root,46.2043907,6.1431577,"(46.2043907,6.1431577)"
n1.ch-gva.root,46.2043907,6.1431577,"(46.2043907,6.1431577)"
a1.cn-haz.root,30.8942995,120.0851114,"(30.8942995,120.0851114)"
n1.cn-haz.root,30.8942995,120.0851114,"(30.8942995,120.0851114)"
a2.fi-hel.root,60.1733244,24.9410248,"(60.1733244,24.9410248)"
n2.fi-hel.root,60.1733244,24.9410248,"(60.1733244,24.9410248)"
a9.hk-hkg.root,22.2783151,114.174695,"(22.2783151,114.174695)"
n9.hk-hkg.root,22.2783151,114.174695,"(22.2783151,114.174695)"
a3.id-jpu.root,-6.2087634,106.845599,"(-6.2087634,106.845599)"
n3.id-jpu.root,-6.2087634,106.845599,"(-6.2087634,106.845599)"
a2.za-jnb.root,-26.2041028,28.0473051,"(-26.2041028,28.0473051)"
n2.za-jnb.root,-26.2041028,28.0473051,"(-26.2041028,28.0473051)"
a1.us-mkc.root,39.0997265,-94.5785667,"(39.0997265,-94.5785667)"
n1.us-mkc.root,39.0997265,-94.5785667,"(39.0997265,-94.5785667)"
a1.ua-iev.root,50.4501,30.5234,"(50.4501,30.5234)"
n1.ua-iev.root,50.4501,30.5234,"(50.4501,30.5234)"
a1.rw-kgl.root,-1.9705786,30.1044288,"(-1.9705786,30.1044288)"
n1.rw-kgl.root,-1.9705786,30.1044288,"(-1.9705786,30.1044288)"
a1.at-klu.root,46.6364598,14.3122246,"(46.6364598,14.3122246)"
n1.at-klu.root,46.6364598,14.3122246,"(46.6364598,14.3122246)"
a3.my-kul.root,3.139003,101.686855,"(3.139003,101.686855)"
n3.my-kul.root,3.139003,101.686855,"(3.139003,101.686855)"
a1.kw-kwi.root,29.375859,47.9774052,"(29.375859,47.9774052)"
n1.kw-kwi.root,29.375859,47.9774052,"(29.375859,47.9774052)"
a1.ng-los.root,6.5243793,3.3792057,"(6.5243793,3.3792057)"
n1.ng-los.root,6.5243793,3.3792057,"(6.5243793,3.3792057)"
a1.gb-lba.root,53.8007554,-1.5490773999999998,"(53.8007554,-1.5490773999999998)"
n1.gb-lba.root,53.8007554,-1.5490773999999998,"(53.8007554,-1.5490773999999998)"
a1.pe-lim.root,-12.0621065,-77.0365256,"(-12.0621065,-77.0365256)"
n1.pe-lim.root,-12.0621065,-77.0365256,"(-12.0621065,-77.0365256)"
a3.pt-lis.root,38.7222524,-9.1393366,"(38.7222524,-9.1393366)"
n3.pt-lis.root,38.7222524,-9.1393366,"(38.7222524,-9.1393366)"
a2.si-lju.root,46.0569465,14.5057515,"(46.0569465,14.5057515)"
n2.si-lju.root,46.0569465,14.5057515,"(46.0569465,14.5057515)"
a4.gb-lon.root,51.5073509,-0.1277583,"(51.5073509,-0.1277583)"
n4.gb-lon.root,51.5073509,-0.1277583,"(51.5073509,-0.1277583)"
a3.gb-lon.root,51.5073509,-0.1277583,"(51.5073509,-0.1277583)"
n3.gb-lon.root,51.5073509,-0.1277583,"(51.5073509,-0.1277583)"
a3.us-lax.root,34.0522342,-118.2436849,"(34.0522342,-118.2436849)"
n3.us-lax.root,34.0522342,-118.2436849,"(34.0522342,-118.2436849)"
a1.ao-lad.root,-8.8399876,13.2894368,"(-8.8399876,13.2894368)"
n1.ao-lad.root,-8.8399876,13.2894368,"(-8.8399876,13.2894368)"
a2.ph-mkc.root,14.5567949,121.0211226,"(14.5567949,121.0211226)"
n2.ph-mkc.root,14.5567949,121.0211226,"(14.5567949,121.0211226)"
a1.mv-mle.root,4.1754959,73.5093474,"(4.1754959,73.5093474)"
n1.mv-mle.root,4.1754959,73.5093474,"(4.1754959,73.5093474)"
a1.fr-mrs.root,43.2961743,5.3699525,"(43.2961743,5.3699525)"
n1.fr-mrs.root,43.2961743,5.3699525,"(43.2961743,5.3699525)"
a4.au-mel.root,-37.814107,144.96328,"(-37.814107,144.96328)"
n4.au-mel.root,-37.814107,144.96328,"(-37.814107,144.96328)"
a4.us-mia.root,25.7616798,-80.1917902,"(25.7616798,-80.1917902)"
n4.us-mia.root,25.7616798,-80.1917902,"(25.7616798,-80.1917902)"
a2.it-mil.root,45.4654219,9.1859243,"(45.4654219,9.1859243)"
n2.it-mil.root,45.4654219,9.1859243,"(45.4654219,9.1859243)"
a1.ru-mow.root,55.755826,37.6173,"(55.755826,37.6173)"
n1.ru-mow.root,55.755826,37.6173,"(55.755826,37.6173)"
a2.in-bom.root,19.0759837,72.8776559,"(19.0759837,72.8776559)"
n2.in-bom.root,19.0759837,72.8776559,"(19.0759837,72.8776559)"
a3.in-bom.root,19.0759837,72.8776559,"(19.0759837,72.8776559)"
n3.in-bom.root,19.0759837,72.8776559,"(19.0759837,72.8776559)"
a1.om-mct.root,23.58589,58.4059227,"(23.58589,58.4059227)"
n1.om-mct.root,23.58589,58.4059227,"(23.58589,58.4059227)"
a1.ke-nbo.root,-1.2920659,36.8219462,"(-1.2920659,36.8219462)"
n1.ke-nbo.root,-1.2920659,36.8219462,"(-1.2920659,36.8219462)"
a4.in-del.root,28.6139391,77.2090212,"(28.6139391,77.2090212)"
n4.in-del.root,28.6139391,77.2090212,"(28.6139391,77.2090212)"
a3.no-osl.root,59.9138688,10.7522454,"(59.9138688,10.7522454)"
n3.no-osl.root,59.9138688,10.7522454,"(59.9138688,10.7522454)"
a1.fi-oul.root,65.0120888,25.4650773,"(65.0120888,25.4650773)"
n1.fi-oul.root,65.0120888,25.4650773,"(65.0120888,25.4650773)"
a3.fr-par.root,48.856614,2.3522219,"(48.856614,2.3522219)"
n3.fr-par.root,48.856614,2.3522219,"(48.856614,2.3522219)"
a7.fr-par.root,48.856614,2.3522219,"(48.856614,2.3522219)"
n7.fr-par.root,48.856614,2.3522219,"(48.856614,2.3522219)"
a2.au-per.root,-31.9535132,115.8570471,"(-31.9535132,115.8570471)"
n2.au-per.root,-31.9535132,115.8570471,"(-31.9535132,115.8570471)"
a2.us-phl.root,39.9525839,-75.1652215,"(39.9525839,-75.1652215)"
n2.us-phl.root,39.9525839,-75.1652215,"(39.9525839,-75.1652215)"
a2.us-plz.root,33.0198431,-96.6988856,"(33.0198431,-96.6988856)"
n2.us-plz.root,33.0198431,-96.6988856,"(33.0198431,-96.6988856)"
a2.cz-prg.root,50.0755381,14.4378005,"(50.0755381,14.4378005)"
n2.cz-prg.root,50.0755381,14.4378005,"(50.0755381,14.4378005)"
a1.tt-pos.root,10.2659505,-61.3764381,"(10.2659505,-61.3764381)"
n1.tt-pos.root,10.2659505,-61.3764381,"(10.2659505,-61.3764381)"
a3.is-rey.root,64.133333,-21.933333,"(64.133333,-21.933333)"
n3.is-rey.root,64.133333,-21.933333,"(64.133333,-21.933333)"
a2.lv-rix.root,56.9496487,24.1051864,"(56.9496487,24.1051864)"
n2.lv-rix.root,56.9496487,24.1051864,"(56.9496487,24.1051864)"
a3.br-rio.root,-22.9068467,-43.1728965,"(-22.9068467,-43.1728965)"
n3.br-rio.root,-22.9068467,-43.1728965,"(-22.9068467,-43.1728965)"
a2.br-rio.root,-22.9068467,-43.1728965,"(-22.9068467,-43.1728965)"
n2.br-rio.root,-22.9068467,-43.1728965,"(-22.9068467,-43.1728965)"
a1.sa--ruh.root,24.638916,46.7160104,"(24.638916,46.7160104)"
n1.sa--ruh.root,24.638916,46.7160104,"(24.638916,46.7160104)"
a1.ru-led.root,59.9342802,30.3350986,"(59.9342802,30.3350986)"
n1.ru-led.root,59.9342802,30.3350986,"(59.9342802,30.3350986)"
a6.us-sfo.root,37.7749295,-122.4194155,"(37.7749295,-122.4194155)"
n6.us-sfo.root,37.7749295,-122.4194155,"(37.7749295,-122.4194155)"
a3.us-sjc.root,37.3382082,-121.8863286,"(37.3382082,-121.8863286)"
n3.us-sjc.root,37.3382082,-121.8863286,"(37.3382082,-121.8863286)"
a2.cr-sjo.root,9.9325427,-84.0795782,"(9.9325427,-84.0795782)"
n2.cr-sjo.root,9.9325427,-84.0795782,"(9.9325427,-84.0795782)"
a1.cl-scl.root,-33.4488897,-70.6692655,"(-33.4488897,-70.6692655)"
n1.cl-scl.root,-33.4488897,-70.6692655,"(-33.4488897,-70.6692655)"
a3.br-sao.root,-23.5506507,-46.6333824,"(-23.5506507,-46.6333824)"
n3.br-sao.root,-23.5506507,-46.6333824,"(-23.5506507,-46.6333824)"
a2.br-sao.root,-23.5506507,-46.6333824,"(-23.5506507,-46.6333824)"
n2.br-sao.root,-23.5506507,-46.6333824,"(-23.5506507,-46.6333824)"
a2.us-sea.root,47.6062095,-122.3320708,"(47.6062095,-122.3320708)"
n2.us-sea.root,47.6062095,-122.3320708,"(47.6062095,-122.3320708)"
a3.us-sea.root,47.6062095,-122.3320708,"(47.6062095,-122.3320708)"
n3.us-sea.root,47.6062095,-122.3320708,"(47.6062095,-122.3320708)"
a2.kr-sel.root,37.566535,126.9779692,"(37.566535,126.9779692)"
n2.kr-sel.root,37.566535,126.9779692,"(37.566535,126.9779692)"
a1.cn--sgh.root,31.2322758,121.4692071,"(31.2322758,121.4692071)"
n1.cn--sgh.root,31.2322758,121.4692071,"(31.2322758,121.4692071)"
a2.sg-sin.root,1.2800945,103.8509491,"(1.2800945,103.8509491)"
n2.sg-sin.root,1.2800945,103.8509491,"(1.2800945,103.8509491)"
a3.bg-sof.root,42.6977082,23.3218675,"(42.6977082,23.3218675)"
n3.bg-sof.root,42.6977082,23.3218675,"(42.6977082,23.3218675)"
a1.us-sgu.root,37.0965278,-113.5684164,"(37.0965278,-113.5684164)"
n1.us-sgu.root,37.0965278,-113.5684164,"(37.0965278,-113.5684164)"
a3.au-syd.root,-33.8674869,151.2069902,"(-33.8674869,151.2069902)"
n3.au-syd.root,-33.8674869,151.2069902,"(-33.8674869,151.2069902)"
a2.au-syd.root,-33.8674869,151.2069902,"(-33.8674869,151.2069902)"
n2.au-syd.root,-33.8674869,151.2069902,"(-33.8674869,151.2069902)"
a3.ee-tll.root,59.4369608,24.7535746,"(59.4369608,24.7535746)"
n3.ee-tll.root,59.4369608,24.7535746,"(59.4369608,24.7535746)"
a2.us-tpa.root,27.950575,-82.4571776,"(27.950575,-82.4571776)"
n2.us-tpa.root,27.950575,-82.4571776,"(27.950575,-82.4571776)"
a1.il-tlv.root,32.0852999,34.7817676,"(32.0852999,34.7817676)"
n1.il-tlv.root,32.0852999,34.7817676,"(32.0852999,34.7817676)"
a4.jp-tyo.root,35.6894875,139.6917064,"(35.6894875,139.6917064)"
n4.jp-tyo.root,35.6894875,139.6917064,"(35.6894875,139.6917064)"
a2.it-trn.root,45.070312,7.6868565,"(45.070312,7.6868565)"
n2.it-trn.root,45.070312,7.6868565,"(45.070312,7.6868565)"
a2.at-vie.root,48.2081743,16.3738189,"(48.2081743,16.3738189)"
n2.at-vie.root,48.2081743,16.3738189,"(48.2081743,16.3738189)"
a1.lt-vno.root,54.6871555,25.2796514,"(54.6871555,25.2796514)"
n1.lt-vno.root,54.6871555,25.2796514,"(54.6871555,25.2796514)"
a4.pl-waw.root,52.2296756,21.0122287,"(52.2296756,21.0122287)"
n4.pl-waw.root,52.2296756,21.0122287,"(52.2296756,21.0122287)"
a1.ca-wnp.root,49.895136,-97.1383744,"(49.895136,-97.1383744)"
n1.ca-wnp.root,49.895136,-97.1383744,"(49.895136,-97.1383744)"
a2.hr-zag.root,45.8150108,15.981919,"(45.8150108,15.981919)"
n2.hr-zag.root,45.8150108,15.981919,"(45.8150108,15.981919)"
a1.ch-zrh.root,47.3768866,8.541694,"(47.3768866,8.541694)"
n1.ch-zrh.root,47.3768866,8.541694,"(47.3768866,8.541694)"
ci-abj-aa,5.320357,-4.016107,"(5.320357,-4.016107)"
ci-abj-ab,5.320357,-4.016107,"(5.320357,-4.016107)"
au-alx-aa,-33.9091568,151.1921281,"(-33.9091568,151.1921281)"
kz-ala-aa,43.2363924,76.9457275,"(43.2363924,76.9457275)"
kz-ala-ab,43.2363924,76.9457275,"(43.2363924,76.9457275)"
jo-amm-aa,31.9515694,35.9239625,"(31.9515694,35.9239625)"
us-anc-aa,61.2163129,-149.894852,"(61.2163129,-149.894852)"
it-aoi-aa,43.4801204,13.218790609151764,"(43.4801204,13.218790609151764)"
us-fdk-aa,38.8769326,-77.0893094,"(38.8769326,-77.0893094)"
py-asu-aa,-25.2800459,-57.6343814,"(-25.2800459,-57.6343814)"
us-atl-aa,33.7489924,-84.3902644,"(33.7489924,-84.3902644)"
az-bak-aa,40.3755885,49.8328009,"(40.3755885,49.8328009)"
in-blr-aa,12.98815675,77.62260003796,"(12.98815675,77.62260003796)"
th-bkk-ab,13.7524938,100.4935089,"(13.7524938,100.4935089)"
cn-bjd-aa,40.190632,116.412144,"(40.190632,116.412144)"
cn-bjd-ab,40.190632,116.412144,"(40.190632,116.412144)"
cn-bjd-ac,40.190632,116.412144,"(40.190632,116.412144)"
cn-bjd-ad,40.190632,116.412144,"(40.190632,116.412144)"
lb-bfz-aa,33.8959203,35.47843,"(33.8959203,35.47843)"
id-bka-aa,-6.2349858,106.9945444,"(-6.2349858,106.9945444)"
br-bel-aa,-1.45056,-48.4682453,"(-1.45056,-48.4682453)"
br-bhz-aa,-19.9227318,-43.9450948,"(-19.9227318,-43.9450948)"
ly-ben-aa,32.1200168,20.0812174,"(32.1200168,20.0812174)"
mw-blz-aa,-15.7862543,35.0035694,"(-15.7862543,35.0035694)"
co-bog-aa,4.6533816,-74.0836333,"(4.6533816,-74.0836333)"
br-bcl-aa,-15.7934036,-47.8823172,"(-15.7934036,-47.8823172)"
cg-bzv-aa,-4.2694407,15.2712256,"(-4.2694407,15.2712256)"
au-bne-aa,-27.4689682,153.0234991,"(-27.4689682,153.0234991)"
be-bru-aa,50.8550018,4.351233376116617,"(50.8550018,4.351233376116617)"
br-cfc-aa,-26.7737784,-51.0134844,"(-26.7737784,-51.0134844)"
eg-cai-aa,30.0443879,31.2357257,"(30.0443879,31.2357257)"
pe-cll-aa,-12.0522626,-77.1391133,"(-12.0522626,-77.1391133)"
br-cpq-aa,-22.9056391,-47.059564,"(-22.9056391,-47.059564)"
za-cpt-aa,-33.928992,18.417396,"(-33.928992,18.417396)"
br-phb-aa,-3.948584,-40.476028,"(-3.948584,-40.476028)"
pr-car-aa,18.3808516,-65.9570244,"(18.3808516,-65.9570244)"
cn-cna-aa,28.2491934,113.0748296,"(28.2491934,113.0748296)"
us-cgh-aa,41.8755616,-87.6244212,"(41.8755616,-87.6244212)"
us-cgh-ab,41.8755616,-87.6244212,"(41.8755616,-87.6244212)"
md-kiv-aa,47.0245191,28.83215054527145,"(47.0245191,28.83215054527145)"
nz-chc-aa,-43.530955,172.6364343,"(-43.530955,172.6364343)"
py-agt-aa,-25.5169015,-54.6168645,"(-25.5169015,-54.6168645)"
bo-cbb-aa,-17.401245799999998,-66.16756808852,"(-17.401245799999998,-66.16756808852)"
lk-rml-aa,6.9388614,79.8542005,"(6.9388614,79.8542005)"
lk-rml-ab,6.9388614,79.8542005,"(6.9388614,79.8542005)"
br-crn-aa,-25.4295963,-49.2712724,"(-25.4295963,-49.2712724)"
sa-dmm-aa,26.4367824,50.1039991,"(26.4367824,50.1039991)"
tz-dar-aa,-6.8160837,39.2803583,"(-6.8160837,39.2803583)"
ae-dwc-aa,25.07428235,55.18853865430702,"(25.07428235,55.18853865430702)"
es-epb-aa,41.3246333,2.0952568,"(41.3246333,2.0952568)"
iq-ebl-aa,36.1911744,44.0094145,"(36.1911744,44.0094145)"
ar-eza-aa,-34.81681415,-58.54742335052262,"(-34.81681415,-58.54742335052262)"
br-fln-aa,-27.5973002,-48.5496098,"(-27.5973002,-48.5496098)"
br-fms-aa,-3.7304512,-38.5217989,"(-3.7304512,-38.5217989)"
in-gaw-aa,26.1805978,91.753943,"(26.1805978,91.753943)"
gu-hgt-aa,13.4748148,144.7516191,"(13.4748148,144.7516191)"
cn-hko-aa,20.0462328,110.1956502,"(20.0462328,110.1956502)"
de-ham-aa,53.550341,10.000654,"(53.550341,10.000654)"
zw-hre-aa,-17.831773,31.045686,"(-17.831773,31.045686)"
fi-vat-aa,60.32181555,24.94736111181276,"(60.32181555,24.94736111181276)"
gr-hkl-aa,35.33908,25.1332843,"(35.33908,25.1332843)"
sb-hir-aa,-9.43779755,159.9624174786047,"(-9.43779755,159.9624174786047)"
us-hnl-aa,21.304547,-157.855676,"(21.304547,-157.855676)"
kr-icn-aa,37.456,126.7052,"(37.456,126.7052)"
pk-skt-ab,33.5867772,73.0330927,"(33.5867772,73.0330927)"
pk-skt-ac,33.5867772,73.0330927,"(33.5867772,73.0330927)"
in-jai-aa,26.9154576,75.8189817,"(26.9154576,75.8189817)"
za-jnb-aa,-26.205,28.049722,"(-26.205,28.049722)"
za-jnb-ab,-26.205,28.049722,"(-26.205,28.049722)"
us-hlm-aa,42.2307865,-85.5510419237961,"(42.2307865,-85.5510419237961)"
ua-iev-aa,50.4500336,30.5241361,"(50.4500336,30.5241361)"
fm-ksa-aa,6.9643412,158.2091324,"(6.9643412,158.2091324)"
pw-ror-aa,7.343275,134.4766767,"(7.343275,134.4766767)"
cn-knm-aa,25.0363006,102.7086139,"(25.0363006,102.7086139)"
cn-knm-ab,25.0363006,102.7086139,"(25.0363006,102.7086139)"
kw-cbg-aa,29.3796532,47.9734174,"(29.3796532,47.9734174)"
it-ltn-aa,41.45952605,13.012591212188894,"(41.45952605,13.012591212188894)"
us-lwc-aa,38.9719137,-95.2359403,"(38.9719137,-95.2359403)"
gb-brf-aa,53.86665035,-1.656781884498208,"(53.86665035,-1.656781884498208)"
br-ldb-aa,-23.3112878,-51.1595023,"(-23.3112878,-51.1595023)"
us-lgw-aa,28.7012172,-81.3461738,"(28.7012172,-81.3461738)"
us-lax-aa,34.0536909,-118.242766,"(34.0536909,-118.242766)"
us-lax-ab,34.0536909,-118.242766,"(34.0536909,-118.242766)"
es-mad-aa,40.4906036,-3.6923985,"(40.4906036,-3.6923985)"
sc-maw-aa,-4.68379555,55.49263800753758,"(-4.68379555,55.49263800753758)"
mh-maj-aa,7.0909924,171.3816354,"(7.0909924,171.3816354)"
mh-maj-ab,7.0909924,171.3816354,"(7.0909924,171.3816354)"
mm-mdl-aa,21.9596834,96.0948743,"(21.9596834,96.0948743)"
nz-mae-aa,-36.9741065,174.7994402,"(-36.9741065,174.7994402)"
nz-mae-ab,-36.9741065,174.7994402,"(-36.9741065,174.7994402)"
au-mas-aa,-33.9289562,151.1951782,"(-33.9289562,151.1951782)"
au-mas-ab,-33.9289562,151.1951782,"(-33.9289562,151.1951782)"
ls-msu-aa,-29.310054,27.478222,"(-29.310054,27.478222)"
au-kah-aa,-37.8142454,144.9631732,"(-37.8142454,144.9631732)"
au-kah-ab,-37.8142454,144.9631732,"(-37.8142454,144.9631732)"
au-kah-ac,-37.8142454,144.9631732,"(-37.8142454,144.9631732)"
by-gme-aa,53.9024716,27.5618225,"(53.9024716,27.5618225)"
in-mhi-aa,23.53150055,79.23154693190591,"(23.53150055,79.23154693190591)"
mx-mty-aa,25.6802019,-100.315258,"(25.6802019,-100.315258)"
mx-mty-ac,25.6802019,-100.315258,"(25.6802019,-100.315258)"
uy-mvd-aa,-34.9058916,-56.1913095,"(-34.9058916,-56.1913095)"
km-yva-aa,-11.6931255,43.2543044,"(-11.6931255,43.2543044)"
ru-mow-aa,55.7505412,37.6174782,"(55.7505412,37.6174782)"
ru-mow-ab,55.7505412,37.6174782,"(55.7505412,37.6174782)"
ru-mow-ac,55.7505412,37.6174782,"(55.7505412,37.6174782)"
in-bom-aa,19.0785451,72.878176,"(19.0785451,72.878176)"
in-bom-ab,19.0785451,72.878176,"(19.0785451,72.878176)"
fj-nan-aa,-17.7992725,177.4178549,"(-17.7992725,177.4178549)"
fj-nan-ab,-17.7992725,177.4178549,"(-17.7992725,177.4178549)"
ke-nbo-aa,-1.2832533,36.8172449,"(-1.2832533,36.8172449)"
br-nat-aa,-5.805398,-35.2080905,"(-5.805398,-35.2080905)"
tw-ntc-aa,25.011997,121.4656619,"(25.011997,121.4656619)"
tw-ntc-ab,25.011997,121.4656619,"(25.011997,121.4656619)"
nc-nou-aa,-22.2745264,166.442419,"(-22.2745264,166.442419)"
ua-ods-aa,46.4843023,30.7322878,"(46.4843023,30.7322878)"
ro-oti-aa,44.5507941,26.0729271,"(44.5507941,26.0729271)"
bf-oua-aa,12.3681873,-1.5270944,"(12.3681873,-1.5270944)"
bf-oua-ab,12.3681873,-1.5270944,"(12.3681873,-1.5270944)"
pf-ppt-aa,-17.5373835,-149.5659964,"(-17.5373835,-149.5659964)"
pf-ppt-ab,-17.5373835,-149.5659964,"(-17.5373835,-149.5659964)"
fr-par-aa,48.8534951,2.3483915,"(48.8534951,2.3483915)"
au-per-aa,-31.9558933,115.8605855,"(-31.9558933,115.8605855)"
mu-mru-aa,-20.2414627,57.4622592,"(-20.2414627,57.4622592)"
pg-pom-aa,-9.4743301,147.1599504,"(-9.4743301,147.1599504)"
pt-cdo-aa,41.1494512,-8.6107884,"(41.1494512,-8.6107884)"
br-poa-aa,-30.0324999,-51.2303767,"(-30.0324999,-51.2303767)"
cz-xuy-aa,50.0596288,14.446459273258007,"(50.0596288,14.446459273258007)"
do-jqb-aa,18.4015585,-69.634486,"(18.4015585,-69.634486)"
ec-uio-aa,-0.2201641,-78.5123274,"(-0.2201641,-78.5123274)"
ma-rba-aa,34.02236,-6.8340222,"(34.02236,-6.8340222)"
ps-rmh-aa,31.9030543,35.1952255,"(31.9030543,35.1952255)"
in-ixr-aa,23.3700501,85.3250387,"(23.3700501,85.3250387)"
ck-rar-aa,-21.2368312,-159.77747437744517,"(-21.2368312,-159.77747437744517)"
ck-rar-ab,-21.2368312,-159.77747437744517,"(-21.2368312,-159.77747437744517)"
us-rno-aa,39.5261206,-119.8126581,"(39.5261206,-119.8126581)"
us-rtv-aa,38.9530559,-77.35021396591173,"(38.9530559,-77.35021396591173)"
br-gig-aa,-22.9110137,-43.2093727,"(-22.9110137,-43.2093727)"
ru-noi-aa,47.2216548,39.7096061,"(47.2216548,39.7096061)"
ru-led-aa,59.938732,30.316229,"(59.938732,30.316229)"
br-ssa-aa,-12.9822499,-38.4812772,"(-12.9822499,-38.4812772)"
br-ssa-ab,-12.9822499,-38.4812772,"(-12.9822499,-38.4812772)"
ye-sah-aa,15.3538569,44.2058841,"(15.3538569,44.2058841)"
us-sjc-aa,37.3361663,-121.890591,"(37.3361663,-121.890591)"
cr-sjo-aa,9.9325427,-84.0795782,"(9.9325427,-84.0795782)"
pr-sju-aa,18.41531675,-66.05554005475956,"(18.41531675,-66.05554005475956)"
ar-smc-aa,-26.835788442857144,-65.20817006734693,"(-26.835788442857144,-65.20817006734693)"
sv-sal-aa,13.6989939,-89.1914249,"(13.6989939,-89.1914249)"
cl-scl-aa,-33.4377756,-70.6504502,"(-33.4377756,-70.6504502)"
cl-scl-ab,-33.4377756,-70.6504502,"(-33.4377756,-70.6504502)"
cl-scl-ac,-33.4377756,-70.6504502,"(-33.4377756,-70.6504502)"
br-sao-aa,-23.5506507,-46.6333824,"(-23.5506507,-46.6333824)"
om-msh-aa,23.6821956,58.1843842,"(23.6821956,58.1843842)"
om-msh-ab,23.6821956,58.1843842,"(23.6821956,58.1843842)"
om-msh-ac,23.6821956,58.1843842,"(23.6821956,58.1843842)"
kz-plx-aa,50.406737750000005,80.25028238526095,"(50.406737750000005,80.25028238526095)"
cn-pvg-aa,31.2312707,121.4700152,"(31.2312707,121.4700152)"
sg-sin-aa,1.357107,103.8194992,"(1.357107,103.8194992)"
bg-goz-aa,42.6977028,23.3217359,"(42.6977028,23.3217359)"
se-sto-aa,59.3251172,18.0710935,"(59.3251172,18.0710935)"
fj-bfj-aa,-18.1453268,178.4227449018657,"(-18.1453268,178.4227449018657)"
fi-tmp-aa,61.4960647,23.7520776,"(61.4960647,23.7520776)"
ca-tor-aa,43.6534817,-79.3839347,"(43.6534817,-79.3839347)"
ly-tip-aa,26.8234472,18.1236723,"(26.8234472,18.1236723)"
br-udi-aa,-18.9188041,-48.2767837,"(-18.9188041,-48.2767837)"
ca-cxh-aa,49.2608724,-123.113952,"(49.2608724,-123.113952)"
us-ilg-aa,39.7459468,-75.546589,"(39.7459468,-75.546589)"
ca-wnp-aa,49.8955367,-97.1384584,"(49.8955367,-97.1384584)"
cn-nhn-aa,30.5951051,114.2999353,"(30.5951051,114.2999353)"
cn-nhn-ab,30.5951051,114.2999353,"(30.5951051,114.2999353)"
cn-xnt-aa,36.824463,101.440811,"(36.824463,101.440811)"
cn-xnt-ab,36.824463,101.440811,"(36.824463,101.440811)"
mm-rgn-aa,16.7967129,96.1609916,"(16.7967129,96.1609916)"
id-jog-aa,-7.977838399999999,110.36722565020224,"(-7.977838399999999,110.36722565020224)"
cn-cgo-aa,23.246071,107.2297041,"(23.246071,107.2297041)"
M-ALA-1,43.347588,77.010056,"(43.347588,77.010056)"
M-AKL-1,-37.785118,175.2518206,"(-37.785118,175.2518206)"
M-BKK-1,13.7563309,100.5017651,"(13.7563309,100.5017651)"
M-BNE-1,-27.44525,153.02749,"(-27.44525,153.02749)"
M-DAC-1,23.843347,90.397783,"(23.843347,90.397783)"
M-GUM-1,13.483795,144.793578,"(13.483795,144.793578)"
M-HAN-1,21.01849,105.85074,"(21.01849,105.85074)"
M-HKG-1,22.31595,113.93649,"(22.31595,113.93649)"
M-HKG-2,22.31595,113.93649,"(22.31595,113.93649)"
M-HKG-3,22.31595,113.93649,"(22.31595,113.93649)"
M-HKG-4,22.31595,113.93649,"(22.31595,113.93649)"
M-JKT-1,-6.180982,106.828299,"(-6.180982,106.828299)"
M-KHH-1,22.577222,120.3425,"(22.577222,120.3425)"
M-KTM,27.6966,85.3591,"(27.6966,85.3591)"
M-CCU,22.64531,88.43931,"(22.64531,88.43931)"
M-KUL-1,2.74558,101.709999,"(2.74558,101.709999)"
M-LHE-1,31.521601,74.403603,"(31.521601,74.403603)"
M-MLE-1,4.1918306,73.5290972,"(4.1918306,73.5290972)"
M-BOM-1,19.088611,72.868056,"(19.088611,72.868056)"
M-KIX-1,34.6937378,135.5021651,"(34.6937378,135.5021651)"
M-KIX-2,34.6937378,135.5021651,"(34.6937378,135.5021651)"
M-KIX-3,34.6937378,135.5021651,"(34.6937378,135.5021651)"
M-CDG-1,48.856614,2.3522219,"(48.856614,2.3522219)"
M-CDG-2,48.856614,2.3522219,"(48.856614,2.3522219)"
M-CDG-3,48.856614,2.3522219,"(48.856614,2.3522219)"
M-CDG-4,48.856614,2.3522219,"(48.856614,2.3522219)"
M-ORY-1,48.856614,2.3522219,"(48.856614,2.3522219)"
M-ORY-2,48.856614,2.3522219,"(48.856614,2.3522219)"
M-ORY-3,48.856614,2.3522219,"(48.856614,2.3522219)"
M-ORY-4,48.856614,2.3522219,"(48.856614,2.3522219)"
M-PNH-1,11.55281,104.84508,"(11.55281,104.84508)"
M-SFO-1,37.7749295,-122.4194155,"(37.7749295,-122.4194155)"
M-SFO-2,37.7749295,-122.4194155,"(37.7749295,-122.4194155)"
M-SFO-3,37.7749295,-122.4194155,"(37.7749295,-122.4194155)"
M-SFO-4,37.7749295,-122.4194155,"(37.7749295,-122.4194155)"
M-SJC-1,37.7749295,-122.4194155,"(37.7749295,-122.4194155)"
M-SJC-2,37.7749295,-122.4194155,"(37.7749295,-122.4194155)"
M-SJC-3,37.7749295,-122.4194155,"(37.7749295,-122.4194155)"
M-SJC-4,37.7749295,-122.4194155,"(37.7749295,-122.4194155)"
M-GRU-1,-23.5506507,-46.6333824,"(-23.5506507,-46.6333824)"
M-GRU-2,-23.5506507,-46.6333824,"(-23.5506507,-46.6333824)"
M-GRU-3,-23.5506507,-46.6333824,"(-23.5506507,-46.6333824)"
M-GRU-4,-23.5506507,-46.6333824,"(-23.5506507,-46.6333824)"
M-ICN-1,37.566535,126.9779692,"(37.566535,126.9779692)"
M-ICN-2,37.566535,126.9779692,"(37.566535,126.9779692)"
M-ICN-3,37.566535,126.9779692,"(37.566535,126.9779692)"
M-SIN-1,1.2800945,103.8509491,"(1.2800945,103.8509491)"
M-SIN-2,1.2800945,103.8509491,"(1.2800945,103.8509491)"
M-SIN-3,1.2800945,103.8509491,"(1.2800945,103.8509491)"
M-SIN-4,1.2800945,103.8509491,"(1.2800945,103.8509491)"
M-NRT-DIXIE-1,35.6894875,139.6917064,"(35.6894875,139.6917064)"
M-NRT-DIXIE-2,35.6894875,139.6917064,"(35.6894875,139.6917064)"
M-NRT-DIXIE-3,35.6894875,139.6917064,"(35.6894875,139.6917064)"
M-NRT-DIXIE-4,35.6894875,139.6917064,"(35.6894875,139.6917064)"
M-NRT-JPIX-1,35.6894875,139.6917064,"(35.6894875,139.6917064)"
M-NRT-JPIX-2,35.6894875,139.6917064,"(35.6894875,139.6917064)"
M-NRT-JPIX-3,35.6894875,139.6917064,"(35.6894875,139.6917064)"
M-NRT-JPIX-4,35.6894875,139.6917064,"(35.6894875,139.6917064)"
M-NRT-JPNAP-1,35.6894875,139.6917064,"(35.6894875,139.6917064)"
M-NRT-JPNAP-2,35.6894875,139.6917064,"(35.6894875,139.6917064)"
M-NRT-JPNAP-3,35.6894875,139.6917064,"(35.6894875,139.6917064)"
M-NRT-JPNAP-4,35.6894875,139.6917064,"(35.6894875,139.6917064)"
M-UBN-1,47.65149,106.82164,"(47.65149,106.82164)"
M-KTM-1,27.6966,85.3591,"(27.6966,85.3591)"
lax1b.c.root-servers.org,34.0522342,-118.2436849,"(34.0522342,-118.2436849)"
lax1a.c.root-servers.org,34.0522342,-118.2436849,"(34.0522342,-118.2436849)"
fra1a.c.root-servers.org,50.1109221,8.6821267,"(50.1109221,8.6821267)"
fra1b.c.root-servers.org,50.1109221,8.6821267,"(50.1109221,8.6821267)"
ord1a.c.root-servers.org,41.8781136,-87.6297982,"(41.8781136,-87.6297982)"
ord1b.c.root-servers.org,41.8781136,-87.6297982,"(41.8781136,-87.6297982)"
dca1b.c.root-servers.org,38.9072,-77.0369,"(38.9072,-77.0369)"
dca1a.c.root-servers.org,38.9072,-77.0369,"(38.9072,-77.0369)"
par1a.c.root-servers.org,48.856614,2.3522219,"(48.856614,2.3522219)"
par1b.c.root-servers.org,48.856614,2.3522219,"(48.856614,2.3522219)"
bts1b.c.root-servers.org,48.1458923,17.1071373,"(48.1458923,17.1071373)"
bts1a.c.root-servers.org,48.1458923,17.1071373,"(48.1458923,17.1071373)"
sin1b.c.root-servers.org,1.3521,103.8198,"(1.3521,103.8198)"
sin1a.c.root-servers.org,1.3521,103.8198,"(1.3521,103.8198)"
mad1b.c.root-servers.org,40.4167754,-3.7037902,"(40.4167754,-3.7037902)"
mad1a.c.root-servers.org,40.4167754,-3.7037902,"(40.4167754,-3.7037902)"
rio1a.c.root-servers.org,-22.9068467,-43.1728965,"(-22.9068467,-43.1728965)"
rio1b.c.root-servers.org,-22.9068467,-43.1728965,"(-22.9068467,-43.1728965)"
jfk1a.c.root-servers.org,40.7143528,-74.0059731,"(40.7143528,-74.0059731)"
jfk1b.c.root-servers.org,40.7143528,-74.0059731,"(40.7143528,-74.0059731)"
syd1a.c.root-servers.org,-33.8674869,151.2069902,"(-33.8674869,151.2069902)"
syd1b.c.root-servers.org,-33.8674869,151.2069902,"(-33.8674869,151.2069902)"
tyo1b.c.root-servers.org,35.6894875,139.6917064,"(35.6894875,139.6917064)"
tyo1a.c.root-servers.org,35.6894875,139.6917064,"(35.6894875,139.6917064)"
nnn1-lax7,34.0522342,-118.2436849,"(34.0522342,-118.2436849)"
nnn1-ams5,52.3702157,4.8951679,"(52.3702157,4.8951679)"
nnn1-lon8,51.5073509,-0.1277583,"(51.5073509,-0.1277583)"
nnn1-lax8,34.0522342,-118.2436849,"(34.0522342,-118.2436849)"
nnn1-sea6,47.6062095,-122.3320708,"(47.6062095,-122.3320708)"
nnn1-ams6,52.3702157,4.8951679,"(52.3702157,4.8951679)"
nnn1-lon9,51.5073509,-0.1277583,"(51.5073509,-0.1277583)"
nnn1-sin4,1.2800945,103.8509491,"(1.2800945,103.8509491)"
nnn1-par6,48.856614,2.3522219,"(48.856614,2.3522219)"
nnn1-sin5,1.2800945,103.8509491,"(1.2800945,103.8509491)"
nnn1-sea7,47.6062095,-122.3320708,"(47.6062095,-122.3320708)"
nnn1-mnz3,38.7509488,-77.4752667,"(38.7509488,-77.4752667)"
nnn1-mnz2,38.7509488,-77.4752667,"(38.7509488,-77.4752667)"
nnn1-mnz1,38.7509488,-77.4752667,"(38.7509488,-77.4752667)"
nnn1-mnz5,38.7509488,-77.4752667,"(38.7509488,-77.4752667)"
nnn1-sin6,1.2800945,103.8509491,"(1.2800945,103.8509491)"
nnn1-lax6,34.0522342,-118.2436849,"(34.0522342,-118.2436849)"
s1.sin,1.357096,103.819375,"(1.357096,103.819375)"
s1.amx,52.376051,4.902197,"(52.376051,4.902197)"
s1.tok,35.67649,139.656068,"(35.67649,139.656068)"
s1.pix,37.465518,-122.140231,"(37.465518,-122.140231)"
s1.dex,50.119606,8.685439,"(50.119606,8.685439)"
s1.chi,41.876857,-87.621813,"(41.876857,-87.621813)"
s1.sto,59.33902,18.061148,"(59.33902,18.061148)"
s1.cdg,48.855725,2.349194,"(48.855725,2.349194)"
s1.ank,39.939289,32.852299,"(39.939289,32.852299)"
s1.wie,48.208884,16.365399,"(48.208884,16.365399)"
s1.bnx,50.847339,4.356602,"(50.847339,4.356602)"
s1.ber,52.514029,13.41072,"(52.514029,13.41072)"
s1.amz,52.376051,4.902197,"(52.376051,4.902197)"
s1.spb,59.93015,30.369164,"(59.93015,30.369164)"
s1.stm,59.33902,18.061148,"(59.33902,18.061148)"
s1.sox,44.827197,20.45389,"(44.827197,20.45389)"
s1.yvr,49.245566,-122.949325,"(49.245566,-122.949325)"
s1.lnx,51.505088,-0.119949,"(51.505088,-0.119949)"
s1.fix,60.172566,24.940254,"(60.172566,24.940254)"
s1.sof,42.691467,23.335126,"(42.691467,23.335126)"
s1.poa,-30.046945,-51.223378,"(-30.046945,-51.223378)"
s1.mix,45.465926,9.196202,"(45.465926,9.196202)"
s1.thr,35.720304,51.329631,"(35.720304,51.329631)"
s1.cmx,55.566894,13.018172,"(55.566894,13.018172)"
s1.del,28.608882,77.205785,"(28.608882,77.205785)"
s1.dbi,25.198898,55.277577,"(25.198898,55.277577)"
s1.rox,44.432301,26.110193,"(44.432301,26.110193)"
s1.jak,-6.214523,106.852214,"(-6.214523,106.852214)"
s1.jbt,-26.206535,28.044892,"(-26.206535,28.044892)"
s1.yyz,43.645423,-79.368842,"(43.645423,-79.368842)"
s1.prt,-31.945339,115.86341,"(-31.945339,115.86341)"
s1.ukx,50.446321,30.525051,"(50.446321,30.525051)"
s1.mln,45.465926,9.196202,"(45.465926,9.196202)"
s1.bts,48.155683,17.104361,"(48.155683,17.104361)"
s1.hkx,22.310169,114.174994,"(22.310169,114.174994)"
s1.jnb,-26.206535,28.044892,"(-26.206535,28.044892)"
s1.mnp,44.971962,-93.271038,"(44.971962,-93.271038)"
s1.yyc,51.046509,-114.058798,"(51.046509,-114.058798)"
s1.ash,39.038132,-77.497199,"(39.038132,-77.497199)"
s1.sao,-23.55212,-46.647269,"(-23.55212,-46.647269)"
s1.nix,59.923284,10.742755,"(59.923284,10.742755)"
s1.mtv,-34.901808,-56.163403,"(-34.901808,-56.163403)"
s1.par,48.855725,2.349194,"(48.855725,2.349194)"
s1.fmt,37.539397,-121.986864,"(37.539397,-121.986864)"
s1.got,57.717614,11.98341,"(57.717614,11.98341)"
s1.ccp,-36.832406,-73.047861,"(-36.832406,-73.047861)"
s1.vno,54.755187,25.296416,"(54.755187,25.296416)"
s1.plx,50.424405,80.274361,"(50.424405,80.274361)"
s1.jpp,35.67649,139.656068,"(35.67649,139.656068)"
s1.lim,-12.033714,-77.026357,"(-12.033714,-77.026357)"
s1.lju,46.065823,14.50024,"(46.065823,14.50024)"
s1.lux,49.617173,6.136898,"(49.617173,6.136898)"
s1.mty,25.693377,-100.322017,"(25.693377,-100.322017)"
s1.pwq,52.293892,76.974186,"(52.293892,76.974186)"
s1.evn,40.177822,44.521246,"(40.177822,44.521246)"
s1.pty,8.986545,-79.52383,"(8.986545,-79.52383)"
s1.yul,45.496385,-73.558183,"(45.496385,-73.558183)"
s1.lon,51.505088,-0.119949,"(51.505088,-0.119949)"
s1.tai,25.039101,121.559872,"(25.039101,121.559872)"
s1.mia,25.763972,-80.197869,"(25.763972,-80.197869)"
s1.mex,19.431363,-99.133151,"(19.431363,-99.133151)"
s1.mco,28.743223,-81.381176,"(28.743223,-81.381176)"
s1.hel,60.172566,24.940254,"(60.172566,24.940254)"
s1.she,41.800763,123.401029,"(41.800763,123.401029)"
s1.rig,56.952381,24.111318,"(56.952381,24.111318)"
s1.mnl,14.596226,120.982803,"(14.596226,120.982803)"
s1.ruh,24.633952,46.707653,"(24.633952,46.707653)"
s1.tll,59.442733,24.762087,"(59.442733,24.762087)"
s1.vux,-17.740356,168.321175,"(-17.740356,168.321175)"
s1.bkk,13.748975,100.49627,"(13.748975,100.49627)"
s1.cbb,-17.411162,-66.14482,"(-17.411162,-66.14482)"
s1.eze,-34.594273,-58.369033,"(-34.594273,-58.369033)"
s1.osl,59.923284,10.742755,"(59.923284,10.742755)"
s1.lul,65.604504,22.156869,"(65.604504,22.156869)"
s1.rwx,-1.950799,30.059084,"(-1.950799,30.059084)"
s1.rkv,64.147725,-21.947503,"(64.147725,-21.947503)"
s1.cph,55.566894,13.018172,"(55.566894,13.018172)"
s1.rba,34.011544,-6.836315,"(34.011544,-6.836315)"
s1.sdl,62.387574,17.27741,"(62.387574,17.27741)"
s1.ula,47.911073,106.925952,"(47.911073,106.925952)"
s1.pnh,11.543758,104.923404,"(11.543758,104.923404)"
s1.thi,27.47811,89.635503,"(27.47811,89.635503)"
s1.yia,-7.788389,110.395526,"(-7.788389,110.395526)"
s1.mar,10.292847,-72.132222,"(10.292847,-72.132222)"
s1.trt,10.256815,-61.368239,"(10.256815,-61.368239)"
rootns-ams5,52.3702157,4.8951679,"(52.3702157,4.8951679)"
rootns-par3,48.856614,2.3522219,"(48.856614,2.3522219)"
rootns-lon8,51.5073509,-0.1277583,"(51.5073509,-0.1277583)"
rootns-sea6,47.6062095,-122.3320708,"(47.6062095,-122.3320708)"
rootns-lon9,51.5073509,-0.1277583,"(51.5073509,-0.1277583)"
rootns-sin4,1.2800945,103.8509491,"(1.2800945,103.8509491)"
rootns-sfo8,37.7749295,-122.4194155,"(37.7749295,-122.4194155)"
rootns-lax8,34.0522342,-118.2436849,"(34.0522342,-118.2436849)"
rootns-mnz1,38.7509488,-77.4752667,"(38.7509488,-77.4752667)"
rootns-ams6,52.3702157,4.8951679,"(52.3702157,4.8951679)"
rootns-sea7,47.6062095,-122.3320708,"(47.6062095,-122.3320708)"
rootns-lax7,34.0522342,-118.2436849,"(34.0522342,-118.2436849)"
rootns-sin6,1.2800945,103.8509491,"(1.2800945,103.8509491)"
rootns-mnz5,38.7509488,-77.4752667,"(38.7509488,-77.4752667)"
rootns-mnz3,38.7509488,-77.4752667,"(38.7509488,-77.4752667)"
rootns-mnz2,38.7509488,-77.4752667,"(38.7509488,-77.4752667)"
nnn1-dfw9,32.89746,-97.036125,"(32.89746,-97.036125)"
nnn1-dca3,38.853436,-77.04346,"(38.853436,-77.04346)"
nnn1-ham4,53.63128,10.006414,"(53.63128,10.006414)"
nnn1-lcy1,51.5,0.05,"(51.5,0.05)"
nnn1-lhr4,51.469604,-0.453566,"(51.469604,-0.453566)"
nnn1-bur1,34.19619,-118.35411,"(34.19619,-118.35411)"
nnn1-ein4,51.457954,5.391795,"(51.457954,5.391795)"
nnn1-dfw8,32.89746,-97.036125,"(32.89746,-97.036125)"
nnn1-sfo8,37.615215,-122.38988,"(37.615215,-122.38988)"
nnn1-dca6,38.853436,-77.04346,"(38.853436,-77.04346)"
nnn1-lhr3,51.469604,-0.453566,"(51.469604,-0.453566)"
nnn1-dca4,38.853436,-77.04346,"(38.853436,-77.04346)"
nnn1-bur2,34.19619,-118.35411,"(34.19619,-118.35411)"
nnn1-ein2,51.457954,5.391795,"(51.457954,5.391795)"
nnn1-ham3,53.63128,10.006414,"(53.63128,10.006414)"
nnn1-wie2,50.083332,8.233333,"(50.083332,8.233333)"
nnn1-wie3,50.083332,8.233333,"(50.083332,8.233333)"
nnn1-lhr2,51.469604,-0.453566,"(51.469604,-0.453566)"
nnn1-bur5,34.19619,-118.35411,"(34.19619,-118.35411)"
nnn1-ham2,53.63128,10.006414,"(53.63128,10.006414)"
nnn1-bur3,34.19619,-118.35411,"(34.19619,-118.35411)"
nnn1-ein1,51.457954,5.391795,"(51.457954,5.391795)"
nnn1-ein3,51.457954,5.391795,"(51.457954,5.391795)"
nnn1-dca2,38.853436,-77.04346,"(38.853436,-77.04346)"
nnn1-lhr1,51.469604,-0.453566,"(51.469604,-0.453566)"
nnn1-dfw7,32.89746,-97.036125,"(32.89746,-97.036125)"
nnn1-oak1,37.71188,-122.21201,"(37.71188,-122.21201)"
nnn1-wie5,50.083332,8.233333,"(50.083332,8.233333)"
nnn1-pao1,37.461111,-122.115,"(37.461111,-122.115)"
nnn1-lcy2,51.5,0.05,"(51.5,0.05)"
nnn1-lhr5,51.469604,-0.453566,"(51.469604,-0.453566)"
nnn1-oak5,37.71188,-122.21201,"(37.71188,-122.21201)"
nnn1-pao2,37.461111,-122.115,"(37.461111,-122.115)"
nnn1-pao3,37.461111,-122.115,"(37.461111,-122.115)"
nnn1-lcy3,51.5,0.05,"(51.5,0.05)"
nnn1-ham5,53.63128,10.006414,"(53.63128,10.006414)"
nnn1-lcy5,51.5,0.05,"(51.5,0.05)"
nnn1-oak3,37.71188,-122.21201,"(37.71188,-122.21201)"
nnn1-oak4,37.71188,-122.21201,"(37.71188,-122.21201)"
nnn1-ham1,53.63128,10.006414,"(53.63128,10.006414)"
nnn1-pao5,37.461111,-122.115,"(37.461111,-122.115)"
c01.BNE.eroot,-27.40303,153.10905,"(-27.40303,153.10905)"
c01.AMS.eroot,52.30907,4.763385,"(52.30907,4.763385)"
p08.ams.eroot,52.30907,4.763385,"(52.30907,4.763385)"
c01.SEA.eroot,47.44384,-122.301735,"(47.44384,-122.301735)"
p08.dfw.eroot,32.89746,-97.036125,"(32.89746,-97.036125)"
c01.FRA.eroot,50.050735,8.570773,"(50.050735,8.570773)"
n01.nuq.eroot,37.4184,-122.0233,"(37.4184,-122.0233)"
p01.fra2.eroot,50.050735,8.570773,"(50.050735,8.570773)"
p01.fra.eroot,50.050735,8.570773,"(50.050735,8.570773)"
p02.cdg.eroot,49.003197,2.567023,"(49.003197,2.567023)"
c01.IST.eroot,40.976665,28.815277,"(40.976665,28.815277)"
p01.bts.eroot,48.170017,17.199799,"(48.170017,17.199799)"
c01.PRG.eroot,50.10619,14.266638,"(50.10619,14.266638)"
p03.prg.eroot,50.10619,14.266638,"(50.10619,14.266638)"
p02.bts.eroot,48.170017,17.199799,"(48.170017,17.199799)"
c01.DME.eroot,55.414566,37.899494,"(55.414566,37.899494)"
c01.HEL.eroot,60.31795,24.96645,"(60.31795,24.96645)"
p04.prg.eroot,50.10619,14.266638,"(50.10619,14.266638)"
c01.MXP.eroot,45.627403,8.71237,"(45.627403,8.71237)"
c01.MRS.eroot,43.44178,5.222137,"(43.44178,5.222137)"
c01.HAM.eroot,53.63128,10.006414,"(53.63128,10.006414)"
c01.TXL.eroot,52.553944,13.291722,"(52.553944,13.291722)"
c01.ATH.eroot,37.93635,23.946486,"(37.93635,23.946486)"
c01.ARN.eroot,59.64982,17.930365,"(59.64982,17.930365)"
p02.qls.eroot,46.54529953,6.61667013168,"(46.54529953,6.61667013168)"
c01.CDG.eroot,49.003197,2.567023,"(49.003197,2.567023)"
p04.cdg.eroot,49.003197,2.567023,"(49.003197,2.567023)"
c01.POA.eroot,-29.98961,-51.17709,"(-29.98961,-51.17709)"
c01.ZRH.eroot,47.450603,8.561746,"(47.450603,8.561746)"
p01.ist.eroot,40.976665,28.815277,"(40.976665,28.815277)"
c01.CPH.eroot,55.62905,12.647601,"(55.62905,12.647601)"
c01.BOM.eroot,19.095509,72.87497,"(19.095509,72.87497)"
p01.cdg.eroot,49.003197,2.567023,"(49.003197,2.567023)"
c01.LHR.eroot,51.469604,-0.453566,"(51.469604,-0.453566)"
c01.DUS.eroot,51.278328,6.76558,"(51.278328,6.76558)"
c01.MUC.eroot,48.353004,11.790143,"(48.353004,11.790143)"
c01.DXB.eroot,25.248665,55.352917,"(25.248665,55.352917)"
p04.fra.eroot,50.050735,8.570773,"(50.050735,8.570773)"
c01.YVR.eroot,49.1947,-123.17919,"(49.1947,-123.17919)"
c01.VIE.eroot,48.11972,16.563583,"(48.11972,16.563583)"
c01.OTP.eroot,44.571156,26.077063,"(44.571156,26.077063)"
p08.sna.eroot,33.680202,-117.860535,"(33.680202,-117.860535)"
p08.fra.eroot,50.050735,8.570773,"(50.050735,8.570773)"
p06.ams.eroot,52.30907,4.763385,"(52.30907,4.763385)"
p02.sxf.eroot,52.370277,13.521388,"(52.370277,13.521388)"
p02.ist.eroot,40.976665,28.815277,"(40.976665,28.815277)"
p02.fco.eroot,41.794594,12.250346,"(41.794594,12.250346)"
p01.wdh.eroot,-22.487345,17.463202,"(-22.487345,17.463202)"
p02.yyz.eroot,43.681583,-79.61146,"(43.681583,-79.61146)"
c01.SYD.eroot,-33.932922,151.1799,"(-33.932922,151.1799)"
p03.nrt2.eroot,35.773212,140.38744,"(35.773212,140.38744)"
c01.LIS.eroot,38.770042,-9.128165,"(38.770042,-9.128165)"
c01.KBP.eroot,50.341244,30.895206,"(50.341244,30.895206)"
c01.FCO.eroot,41.794594,12.250346,"(41.794594,12.250346)"
p03.zrh.eroot,47.450603,8.561746,"(47.450603,8.561746)"
c01.HKG.eroot,22.315248,113.93649,"(22.315248,113.93649)"
c01.MAN.eroot,53.362907,-2.273354,"(53.362907,-2.273354)"
p04.zrh.eroot,47.450603,8.561746,"(47.450603,8.561746)"
c01.BTS.eroot,48.170017,17.199799,"(48.170017,17.199799)"
c01.HYD.eroot,17.24,78.428055,"(17.24,78.428055)"
c01.LAX.eroot,33.943398,-118.40828,"(33.943398,-118.40828)"
p01.sdb.eroot,-33.066666,18.0,"(-33.066666,18.0)"
c01.GIG.eroot,-22.814653,-43.24651,"(-22.814653,-43.24651)"
p02.gva.eroot,46.229633,6.105774,"(46.229633,6.105774)"
p06.fra.eroot,50.050735,8.570773,"(50.050735,8.570773)"
p02.dal.eroot,32.84391,-96.85,"(32.84391,-96.85)"
p02.beg.eroot,44.819443,20.306944,"(44.819443,20.306944)"
p04.sof.eroot,42.688343,23.41443,"(42.688343,23.41443)"
c01.SOF.eroot,42.688343,23.41443,"(42.688343,23.41443)"
c01.NRT.eroot,35.773212,140.38744,"(35.773212,140.38744)"
p03.dfw.eroot,32.89746,-97.036125,"(32.89746,-97.036125)"
p01.arn.eroot,59.64982,17.930365,"(59.64982,17.930365)"
p02.zrh.eroot,47.450603,8.561746,"(47.450603,8.561746)"
p03.ber.eroot,52.365284,13.5133345,"(52.365284,13.5133345)"
p04.qpg.eroot,1.35,103.9,"(1.35,103.9)"
p06.lhr.eroot,51.469604,-0.453566,"(51.469604,-0.453566)"
p04.ist.eroot,40.976665,28.815277,"(40.976665,28.815277)"
p02.blr.eroot,13.198889,77.70556,"(13.198889,77.70556)"
c01.ORD.eroot,41.976913,-87.90488,"(41.976913,-87.90488)"
c01.YYC.eroot,51.131393,-114.01055,"(51.131393,-114.01055)"
p08.pao.eroot,37.461111,-122.115,"(37.461111,-122.115)"
p01.sfo.eroot,37.615215,-122.38988,"(37.615215,-122.38988)"
p07.fra.eroot,50.050735,8.570773,"(50.050735,8.570773)"
c01.SJC.eroot,37.366737,-121.92638,"(37.366737,-121.92638)"
p02.lga.eroot,40.774254,-73.87162,"(40.774254,-73.87162)"
p01.cpt.eroot,-33.968906,18.596489,"(-33.968906,18.596489)"
p01.bah2.eroot,26.26918,50.62605,"(26.26918,50.62605)"
c01.GRU.eroot,-23.425669,-46.481926,"(-23.425669,-46.481926)"
c01.YYZ.eroot,43.681583,-79.61146,"(43.681583,-79.61146)"
p04.lhr.eroot,51.469604,-0.453566,"(51.469604,-0.453566)"
c01.DEL.eroot,28.556555,77.10079,"(28.556555,77.10079)"
c01.GOT.eroot,57.66664,12.294878,"(57.66664,12.294878)"
p01.lhr.eroot,51.469604,-0.453566,"(51.469604,-0.453566)"
p03.fra.eroot,50.050735,8.570773,"(50.050735,8.570773)"
c01.BOG.eroot,4.698602,-74.143135,"(4.698602,-74.143135)"
c01.DOH.eroot,25.267569,51.558067,"(25.267569,51.558067)"
c01.MIA.eroot,25.796,-80.27824,"(25.796,-80.27824)"
p05.pao.eroot,37.461111,-122.115,"(37.461111,-122.115)"
c01.DFW.eroot,32.89746,-97.036125,"(32.89746,-97.036125)"
c01.STL.eroot,38.74228,-90.36587,"(38.74228,-90.36587)"
c01.WAW.eroot,52.170906,20.97329,"(52.170906,20.97329)"
c01.BOS.eroot,42.36646,-71.02018,"(42.36646,-71.02018)"
c01.ATL.eroot,33.640068,-84.44403,"(33.640068,-84.44403)"
p02.bud.eroot,47.433037,19.261621,"(47.433037,19.261621)"
p03.cdg.eroot,49.003197,2.567023,"(49.003197,2.567023)"
p01.kul.eroot,2.755672,101.70539,"(2.755672,101.70539)"
c01.SCL.eroot,-33.397175,-70.79382,"(-33.397175,-70.79382)"
c01.IAD.eroot,38.95315,-77.44774,"(38.95315,-77.44774)"
c01.MAD.eroot,40.46515,-3.570209,"(40.46515,-3.570209)"
p02.tmp.eroot,61.42045,23.617563,"(61.42045,23.617563)"
c01.DUB.eroot,53.42728,-6.24357,"(53.42728,-6.24357)"
c01.MEL.eroot,-37.669613,144.84978,"(-37.669613,144.84978)"
p02.fru.eroot,43.05358,74.46945,"(43.05358,74.46945)"
p02.mia.eroot,25.796,-80.27824,"(25.796,-80.27824)"
p02.bkk.eroot,13.693062,100.752045,"(13.693062,100.752045)"
p01.bom2.eroot,19.095509,72.87497,"(19.095509,72.87497)"
c01.BRU.eroot,50.89717,4.483602,"(50.89717,4.483602)"
p02.pdx.eroot,45.588997,-122.5929,"(45.588997,-122.5929)"
p01.pdx.eroot,45.588997,-122.5929,"(45.588997,-122.5929)"
c01.VNO.eroot,54.643078,25.279606,"(54.643078,25.279606)"
c01.EWR.eroot,40.68907,-74.17876,"(40.68907,-74.17876)"
p01.osl.eroot,60.19419,11.100411,"(60.19419,11.100411)"
p02.vie.eroot,48.11972,16.563583,"(48.11972,16.563583)"
p01.lju.eroot,46.23102,14.454972,"(46.23102,14.454972)"
p02.aep.eroot,-34.55622,-58.41667,"(-34.55622,-58.41667)"
p05.ams.eroot,52.30907,4.763385,"(52.30907,4.763385)"
c01.SIN.eroot,1.361173,103.990204,"(1.361173,103.990204)"
p02.fra2.eroot,50.050735,8.570773,"(50.050735,8.570773)"
c01.EZE.eroot,-34.81273,-58.539833,"(-34.81273,-58.539833)"
p04.ber.eroot,52.365284,13.5133345,"(52.365284,13.5133345)"
c01.LUX.eroot,49.63111,6.209539,"(49.63111,6.209539)"
p05.fra.eroot,50.050735,8.570773,"(50.050735,8.570773)"
p01.ham.eroot,53.63128,10.006414,"(53.63128,10.006414)"
p02.ath.eroot,37.93635,23.946486,"(37.93635,23.946486)"
c01.BLR.eroot,13.198889,77.70556,"(13.198889,77.70556)"
p03.sea.eroot,47.44384,-122.301735,"(47.44384,-122.301735)"
c01.MAA.eroot,12.982267,80.16378,"(12.982267,80.16378)"
c01.PPT.eroot,-17.55963,-149.60938,"(-17.55963,-149.60938)"
c01.CGK.eroot,-6.130643,106.655525,"(-6.130643,106.655525)"
p08.waw.eroot,52.170906,20.97329,"(52.170906,20.97329)"
c01.BCN.eroot,41.30303,2.07593,"(41.30303,2.07593)"
c01.BKK.eroot,13.693062,100.752045,"(13.693062,100.752045)"
p03.dub.eroot,53.42728,-6.24357,"(53.42728,-6.24357)"
p01.rix.eroot,56.92208,23.979807,"(56.92208,23.979807)"
p01.beg.eroot,44.819443,20.306944,"(44.819443,20.306944)"
p08.lga.eroot,40.774254,-73.87162,"(40.774254,-73.87162)"
c01.YUL.eroot,45.457714,-73.74991,"(45.457714,-73.74991)"
c01.HNL.eroot,21.325832,-157.92166,"(21.325832,-157.92166)"
p02.mad.eroot,40.46515,-3.570209,"(40.46515,-3.570209)"
p01.fru.eroot,43.05358,74.46945,"(43.05358,74.46945)"
p03.mel.eroot,-37.669613,144.84978,"(-37.669613,144.84978)"
p07.qpg.eroot,1.35,103.9,"(1.35,103.9)"
p01.dal.eroot,32.84391,-96.85,"(32.84391,-96.85)"
p05.iad.eroot,38.95315,-77.44774,"(38.95315,-77.44774)"
c01.AKL.eroot,-37.004787,174.78352,"(-37.004787,174.78352)"
p02.fra.eroot,50.050735,8.570773,"(50.050735,8.570773)"
p01.bcn.eroot,41.30303,2.07593,"(41.30303,2.07593)"
p02.evn.eroot,40.15272,44.39805,"(40.15272,44.39805)"
p05.lga.eroot,40.774254,-73.87162,"(40.774254,-73.87162)"
p02.nrt2.eroot,35.773212,140.38744,"(35.773212,140.38744)"
p01.hkg2.eroot,22.315248,113.93649,"(22.315248,113.93649)"
p02.ach.eroot,47.483334,9.566667,"(47.483334,9.566667)"
p01.aqj.eroot,29.610073,35.02151,"(29.610073,35.02151)"
p01.dtm.eroot,51.514828,7.613139,"(51.514828,7.613139)"
p01.ams.eroot,52.30907,4.763385,"(52.30907,4.763385)"
p01.ord.eroot,41.976913,-87.90488,"(41.976913,-87.90488)"
p01.zrh.eroot,47.450603,8.561746,"(47.450603,8.561746)"
p02.ham.eroot,53.63128,10.006414,"(53.63128,10.006414)"
p02.lux.eroot,49.63111,6.209539,"(49.63111,6.209539)"
p01.pty.eroot,9.066897,-79.38764,"(9.066897,-79.38764)"
c01.BUD.eroot,47.433037,19.261621,"(47.433037,19.261621)"
p01.msp.eroot,44.883015,-93.21092,"(44.883015,-93.21092)"
c01.MCI.eroot,39.293808,-94.719925,"(39.293808,-94.719925)"
p01.yul.eroot,45.457714,-73.74991,"(45.457714,-73.74991)"
p02.dub.eroot,53.42728,-6.24357,"(53.42728,-6.24357)"
p02.qpg.eroot,1.35,103.9,"(1.35,103.9)"
p01.icn.eroot,37.448524,126.45123,"(37.448524,126.45123)"
c01.SAN.eroot,32.731937,-117.19731,"(32.731937,-117.19731)"
p03.itm.eroot,34.790974,135.44171,"(34.790974,135.44171)"
p01.tpe.eroot,25.07639,121.22389,"(25.07639,121.22389)"
c01.ICN.eroot,37.448524,126.45123,"(37.448524,126.45123)"
p06.iad.eroot,38.95315,-77.44774,"(38.95315,-77.44774)"
p07.lhr.eroot,51.469604,-0.453566,"(51.469604,-0.453566)"
c01.JNB.eroot,-26.132664,28.231314,"(-26.132664,28.231314)"
p04.pao.eroot,37.461111,-122.115,"(37.461111,-122.115)"
c01.PHX.eroot,33.435036,-112.00016,"(33.435036,-112.00016)"
c01.GYE.eroot,-2.142654,-79.88032,"(-2.142654,-79.88032)"
c01.BEG.eroot,44.819443,20.306944,"(44.819443,20.306944)"
p02.lhr.eroot,51.469604,-0.453566,"(51.469604,-0.453566)"
p07.iad.eroot,38.95315,-77.44774,"(38.95315,-77.44774)"
p02.rix.eroot,56.92208,23.979807,"(56.92208,23.979807)"
p02.yqm.eroot,46.104774,-64.68123,"(46.104774,-64.68123)"
p01.ach.eroot,47.483334,9.566667,"(47.483334,9.566667)"
p02.ams.eroot,52.30907,4.763385,"(52.30907,4.763385)"
p02.sof.eroot,42.688343,23.41443,"(42.688343,23.41443)"
c01.QRO.eroot,20.6,-100.38333,"(20.6,-100.38333)"
p04.dub.eroot,53.42728,-6.24357,"(53.42728,-6.24357)"
c01.CMH.eroot,39.99818,-82.884964,"(39.99818,-82.884964)"
p01.lga.eroot,40.774254,-73.87162,"(40.774254,-73.87162)"
p01.asu.eroot,-25.241795,-57.513794,"(-25.241795,-57.513794)"
p01.sjo.eroot,9.998238,-84.20408,"(9.998238,-84.20408)"
c01.IAH.eroot,29.983334,-95.34,"(29.983334,-95.34)"
c01.PER.eroot,-31.933603,115.960236,"(-31.933603,115.960236)"
c01.TLV.eroot,32.000454,34.870743,"(32.000454,34.870743)"
p08.lhr.eroot,51.469604,-0.453566,"(51.469604,-0.453566)"
c01.KIX.eroot,34.43533,135.24397,"(34.43533,135.24397)"
p01.qpg.eroot,1.35,103.9,"(1.35,103.9)"
p04.nrt2.eroot,35.773212,140.38744,"(35.773212,140.38744)"
p08.iad.eroot,38.95315,-77.44774,"(38.95315,-77.44774)"
p03.ams.eroot,52.30907,4.763385,"(52.30907,4.763385)"
p02.waw2.eroot,52.170906,20.97329,"(52.170906,20.97329)"
p01.zag.eroot,45.733242,16.06152,"(45.733242,16.06152)"
p06.atl.eroot,33.640068,-84.44403,"(33.640068,-84.44403)"
c01.TPA.eroot,27.97987,-82.535416,"(27.97987,-82.535416)"
p01.bkk.eroot,13.693062,100.752045,"(13.693062,100.752045)"
p02.dtm.eroot,51.514828,7.613139,"(51.514828,7.613139)"
p02.yul.eroot,45.457714,-73.74991,"(45.457714,-73.74991)"
c01.GVA.eroot,46.229633,6.105774,"(46.229633,6.105774)"
p02.pty.eroot,9.066897,-79.38764,"(9.066897,-79.38764)"
c01.LIM.eroot,-12.019421,-77.107666,"(-12.019421,-77.107666)"
n02.nuq.eroot,37.4184,-122.0233,"(37.4184,-122.0233)"
p02.bom2.eroot,19.095509,72.87497,"(19.095509,72.87497)"
p02.atl.eroot,33.640068,-84.44403,"(33.640068,-84.44403)"
p03.ord.eroot,41.976913,-87.90488,"(41.976913,-87.90488)"
p01.mad.eroot,40.46515,-3.570209,"(40.46515,-3.570209)"
p01.waw.eroot,52.170906,20.97329,"(52.170906,20.97329)"
p07.ams.eroot,52.30907,4.763385,"(52.30907,4.763385)"
p05.dfw.eroot,32.89746,-97.036125,"(32.89746,-97.036125)"
p04.itm.eroot,34.790974,135.44171,"(34.790974,135.44171)"
c01.RIX.eroot,56.92208,23.979807,"(56.92208,23.979807)"
p03.sof.eroot,42.688343,23.41443,"(42.688343,23.41443)"
p04.jnb.eroot,-26.132664,28.231314,"(-26.132664,28.231314)"
p05.yyz.eroot,43.681583,-79.61146,"(43.681583,-79.61146)"
p02.tlv.eroot,32.000454,34.870743,"(32.000454,34.870743)"
p04.lis.eroot,38.770042,-9.128165,"(38.770042,-9.128165)"
p02.otp.eroot,44.571156,26.077063,"(44.571156,26.077063)"
p03.pao.eroot,37.461111,-122.115,"(37.461111,-122.115)"
p01.dfw.eroot,32.89746,-97.036125,"(32.89746,-97.036125)"
p02.scl.eroot,-33.397175,-70.79382,"(-33.397175,-70.79382)"
p02.iad.eroot,38.95315,-77.44774,"(38.95315,-77.44774)"
c01.TPE.eroot,25.07639,121.22389,"(25.07639,121.22389)"
c01.IND.eroot,39.714516,-86.29805,"(39.714516,-86.29805)"
c01.PHL.eroot,39.87641,-75.2433,"(39.87641,-75.2433)"
p01.blz.eroot,-15.674722,34.970833,"(-15.674722,34.970833)"
p01.man.eroot,53.362907,-2.273354,"(53.362907,-2.273354)"
p03.arn.eroot,59.64982,17.930365,"(59.64982,17.930365)"
p02.sjo.eroot,9.998238,-84.20408,"(9.998238,-84.20408)"
p01.iad.eroot,38.95315,-77.44774,"(38.95315,-77.44774)"
p01.sea.eroot,47.44384,-122.301735,"(47.44384,-122.301735)"
p01.mel.eroot,-37.669613,144.84978,"(-37.669613,144.84978)"
p02.bur.eroot,34.19619,-118.35411,"(34.19619,-118.35411)"
p03.lhr.eroot,51.469604,-0.453566,"(51.469604,-0.453566)"
p02.hkg.eroot,22.315248,113.93649,"(22.315248,113.93649)"
p01.nrt2.eroot,35.773212,140.38744,"(35.773212,140.38744)"
c01.CBR.eroot,-35.30735,149.19052,"(-35.30735,149.19052)"
p03.ist.eroot,40.976665,28.815277,"(40.976665,28.815277)"
p04.lga.eroot,40.774254,-73.87162,"(40.774254,-73.87162)"
p02.jnb.eroot,-26.132664,28.231314,"(-26.132664,28.231314)"
p04.dfw.eroot,32.89746,-97.036125,"(32.89746,-97.036125)"
p02.yxe.eroot,52.169704,-106.69037,"(52.169704,-106.69037)"
c01.LAS.eroot,36.086945,-115.1486,"(36.086945,-115.1486)"
p01.dxb.eroot,25.248665,55.352917,"(25.248665,55.352917)"
p02.ric.eroot,37.50611,-77.3225,"(37.50611,-77.3225)"
c01.MNL.eroot,14.509602,121.01251,"(14.509602,121.01251)"
c01.BNA.eroot,36.13174,-86.668945,"(36.13174,-86.668945)"
p01.mgm.eroot,32.305042,-86.39029,"(32.305042,-86.39029)"
p07.pao.eroot,37.461111,-122.115,"(37.461111,-122.115)"
p02.arn.eroot,59.64982,17.930365,"(59.64982,17.930365)"
p01.klu.eroot,46.650124,14.324192,"(46.650124,14.324192)"
p02.tia.eroot,41.419132,19.71328,"(41.419132,19.71328)"
p02.lju.eroot,46.23102,14.454972,"(46.23102,14.454972)"
p02.dfw.eroot,32.89746,-97.036125,"(32.89746,-97.036125)"
c01.KUL.eroot,2.755672,101.70539,"(2.755672,101.70539)"
p01.qls.eroot,46.54529953,6.61667013168,"(46.54529953,6.61667013168)"
p01.fco.eroot,41.794594,12.250346,"(41.794594,12.250346)"
p08.sea.eroot,47.44384,-122.301735,"(47.44384,-122.301735)"
p02.str.eroot,48.69073,9.193624,"(48.69073,9.193624)"
p01.sxf.eroot,52.370277,13.521388,"(52.370277,13.521388)"
p01.str.eroot,48.69073,9.193624,"(48.69073,9.193624)"
p07.waw.eroot,52.170906,20.97329,"(52.170906,20.97329)"
c01.LPB.eroot,-16.50889,-68.1769,"(-16.50889,-68.1769)"
n03.nuq.eroot,37.4184,-122.0233,"(37.4184,-122.0233)"
p01.yyz.eroot,43.681583,-79.61146,"(43.681583,-79.61146)"
p01.scl.eroot,-33.397175,-70.79382,"(-33.397175,-70.79382)"
p01.trn.eroot,45.191456,7.643049,"(45.191456,7.643049)"
p02.trn.eroot,45.191456,7.643049,"(45.191456,7.643049)"
p01.sjc.eroot,37.366737,-121.92638,"(37.366737,-121.92638)"
p02.osl.eroot,60.19419,11.100411,"(60.19419,11.100411)"
p03.waw.eroot,52.170906,20.97329,"(52.170906,20.97329)"
p04.iad.eroot,38.95315,-77.44774,"(38.95315,-77.44774)"
p01.atlc.eroot,33.640068,-84.44403,"(33.640068,-84.44403)"
c01.PDX.eroot,45.588997,-122.5929,"(45.588997,-122.5929)"
c01.DEN.eroot,39.84939,-104.672844,"(39.84939,-104.672844)"
p02.bog2.eroot,4.698602,-74.143135,"(4.698602,-74.143135)"
c01.OMA.eroot,41.29957,-95.89972,"(41.29957,-95.89972)"
p03.nbo.eroot,-1.319167,36.92578,"(-1.319167,36.92578)"
p01.jnb.eroot,-26.132664,28.231314,"(-26.132664,28.231314)"
c01.SAP.eroot,15.456245,-87.927795,"(15.456245,-87.927795)"
p02.ach2.eroot,47.483334,9.566667,"(47.483334,9.566667)"
p05.lhr.eroot,51.469604,-0.453566,"(51.469604,-0.453566)"
p03.mad.eroot,40.46515,-3.570209,"(40.46515,-3.570209)"
p01.tll.eroot,59.416622,24.798702,"(59.416622,24.798702)"
c01.TLL.eroot,59.416622,24.798702,"(59.416622,24.798702)"
c01.BUF.eroot,42.933826,-78.731804,"(42.933826,-78.731804)"
c01.CEB.eroot,10.313333,123.98278,"(10.313333,123.98278)"
p01.mnl2.eroot,14.509602,121.01251,"(14.509602,121.01251)"
p01.jkt.eroot,-6.175,106.8275,"(-6.175,106.8275)"
p02.zag.eroot,45.733242,16.06152,"(45.733242,16.06152)"
p05.mia.eroot,25.796,-80.27824,"(25.796,-80.27824)"
p02.kul.eroot,2.755672,101.70539,"(2.755672,101.70539)"
c01.MSP.eroot,44.883015,-93.21092,"(44.883015,-93.21092)"
p05.waw.eroot,52.170906,20.97329,"(52.170906,20.97329)"
p04.mrs.eroot,43.44178,5.222137,"(43.44178,5.222137)"
p02.lys.eroot,45.721424,5.080334,"(45.721424,5.080334)"
p02.mrs.eroot,43.44178,5.222137,"(43.44178,5.222137)"
p01.lys.eroot,45.721424,5.080334,"(45.721424,5.080334)"
c01.OSL.eroot,60.19419,11.100411,"(60.19419,11.100411)"
p01.ath.eroot,37.93635,23.946486,"(37.93635,23.946486)"
p01.vie.eroot,48.11972,16.563583,"(48.11972,16.563583)"
p02.sfo.eroot,37.615215,-122.38988,"(37.615215,-122.38988)"
p02.tun.eroot,36.847622,10.21709,"(36.847622,10.21709)"
p02.sdb.eroot,-33.066666,18.0,"(-33.066666,18.0)"
p01.ruh.eroot,24.95929,46.702877,"(24.95929,46.702877)"
p01.del.eroot,28.556555,77.10079,"(28.556555,77.10079)"
p04.hkg2.eroot,22.315248,113.93649,"(22.315248,113.93649)"
c01.BAH.eroot,26.26918,50.62605,"(26.26918,50.62605)"
p02.akl2.eroot,-37.004787,174.78352,"(-37.004787,174.78352)"
p02.dxb.eroot,25.248665,55.352917,"(25.248665,55.352917)"
p04.ams.eroot,52.30907,4.763385,"(52.30907,4.763385)"
p02.mel.eroot,-37.669613,144.84978,"(-37.669613,144.84978)"
p03.mia.eroot,25.796,-80.27824,"(25.796,-80.27824)"
p07.lga.eroot,40.774254,-73.87162,"(40.774254,-73.87162)"
c01.YXE.eroot,52.169704,-106.69037,"(52.169704,-106.69037)"
p01.zrh2.eroot,47.450603,8.561746,"(47.450603,8.561746)"
c01.EVN.eroot,40.15272,44.39805,"(40.15272,44.39805)"
p04.jkt.eroot,-6.175,106.8275,"(-6.175,106.8275)"
p04.mel.eroot,-37.669613,144.84978,"(-37.669613,144.84978)"
c01.KTM.eroot,27.699905,85.35657,"(27.699905,85.35657)"
p01.sof.eroot,42.688343,23.41443,"(42.688343,23.41443)"
p01.pao.eroot,37.461111,-122.115,"(37.461111,-122.115)"
p02.rmo.eroot,46.935442,28.934967,"(46.935442,28.934967)"
p02.ord.eroot,41.976913,-87.90488,"(41.976913,-87.90488)"
p01.lim.eroot,-12.019421,-77.107666,"(-12.019421,-77.107666)"
p08.atl.eroot,33.640068,-84.44403,"(33.640068,-84.44403)"
c01.DTW.eroot,42.20781,-83.35605,"(42.20781,-83.35605)"
c01.ABQ.eroot,35.049625,-106.617195,"(35.049625,-106.617195)"
p03.jkt.eroot,-6.175,106.8275,"(-6.175,106.8275)"
p02.del.eroot,28.556555,77.10079,"(28.556555,77.10079)"
p01.jhb.eroot,1.638889,103.67083,"(1.638889,103.67083)"
p01.slc.eroot,40.785645,-111.980675,"(40.785645,-111.980675)"
p02.mba.eroot,-4.0327,39.60325,"(-4.0327,39.60325)"
p01.tmp.eroot,61.42045,23.617563,"(61.42045,23.617563)"
c01.NOU.eroot,-22.01639,166.21611,"(-22.01639,166.21611)"
p04.sna.eroot,33.680202,-117.860535,"(33.680202,-117.860535)"
c01.CWB.eroot,-25.5322,-49.176544,"(-25.5322,-49.176544)"
p04.arn.eroot,59.64982,17.930365,"(59.64982,17.930365)"
c01.CHC.eroot,-43.488655,172.5389,"(-43.488655,172.5389)"
p02.mci.eroot,39.293808,-94.719925,"(39.293808,-94.719925)"
p04.yyz.eroot,43.681583,-79.61146,"(43.681583,-79.61146)"
p04.sea.eroot,47.44384,-122.301735,"(47.44384,-122.301735)"
p01.maa.eroot,12.982267,80.16378,"(12.982267,80.16378)"
p01.tpe2.eroot,25.07639,121.22389,"(25.07639,121.22389)"
p02.klu.eroot,46.650124,14.324192,"(46.650124,14.324192)"
p03.hkg2.eroot,22.315248,113.93649,"(22.315248,113.93649)"
c01.FOR.eroot,-3.779073,-38.540836,"(-3.779073,-38.540836)"
p02.cpt.eroot,-33.968906,18.596489,"(-33.968906,18.596489)"
p03.yyz.eroot,43.681583,-79.61146,"(43.681583,-79.61146)"
p01.dub.eroot,53.42728,-6.24357,"(53.42728,-6.24357)"
p02.asu.eroot,-25.241795,-57.513794,"(-25.241795,-57.513794)"
p02.zrh2.eroot,47.450603,8.561746,"(47.450603,8.561746)"
p01.mci.eroot,39.293808,-94.719925,"(39.293808,-94.719925)"
p01.rmo.eroot,46.935442,28.934967,"(46.935442,28.934967)"
p02.kwi.eroot,29.240116,47.971252,"(29.240116,47.971252)"
p02.per.eroot,-31.933603,115.960236,"(-31.933603,115.960236)"
p01.lad.eroot,-8.847951,13.234862,"(-8.847951,13.234862)"
c01.JAX.eroot,30.491657,-81.68306,"(30.491657,-81.68306)"
p01.yyc.eroot,51.131393,-114.01055,"(51.131393,-114.01055)"
p02.slc.eroot,40.785645,-111.980675,"(40.785645,-111.980675)"
p01.bud.eroot,47.433037,19.261621,"(47.433037,19.261621)"
p02.cmh.eroot,39.99818,-82.884964,"(39.99818,-82.884964)"
p04.den.eroot,39.84939,-104.672844,"(39.84939,-104.672844)"
p02.sjc.eroot,37.366737,-121.92638,"(37.366737,-121.92638)"
p07.dfw.eroot,32.89746,-97.036125,"(32.89746,-97.036125)"
c01.CPT.eroot,-33.968906,18.596489,"(-33.968906,18.596489)"
p02.sbh.eroot,17.9,-62.85,"(17.9,-62.85)"
p01.kbl.eroot,34.56069,69.21152,"(34.56069,69.21152)"
c01.ADL.eroot,-34.938175,138.53735,"(-34.938175,138.53735)"
p03.lis.eroot,38.770042,-9.128165,"(38.770042,-9.128165)"
p02.bcn.eroot,41.30303,2.07593,"(41.30303,2.07593)"
p02.kul2.eroot,2.755672,101.70539,"(2.755672,101.70539)"
p02.jkt.eroot,-6.175,106.8275,"(-6.175,106.8275)"
p01.bog2.eroot,4.698602,-74.143135,"(4.698602,-74.143135)"
p05.sea.eroot,47.44384,-122.301735,"(47.44384,-122.301735)"
p02.sna.eroot,33.680202,-117.860535,"(33.680202,-117.860535)"
p01.tpa.eroot,27.97987,-82.535416,"(27.97987,-82.535416)"
p03.iad.eroot,38.95315,-77.44774,"(38.95315,-77.44774)"
p01.dac2.eroot,23.848648,90.405876,"(23.848648,90.405876)"
p02.dac2.eroot,23.848648,90.405876,"(23.848648,90.405876)"
p03.atl.eroot,33.640068,-84.44403,"(33.640068,-84.44403)"
p01.den.eroot,39.84939,-104.672844,"(39.84939,-104.672844)"
p04.waw.eroot,52.170906,20.97329,"(52.170906,20.97329)"
p04.atl.eroot,33.640068,-84.44403,"(33.640068,-84.44403)"
p02.tpe2.eroot,25.07639,121.22389,"(25.07639,121.22389)"
p01.jkt2.eroot,-6.175,106.8275,"(-6.175,106.8275)"
p01.tlv.eroot,32.000454,34.870743,"(32.000454,34.870743)"
n04.nuq.eroot,37.4184,-122.0233,"(37.4184,-122.0233)"
p02.tpe.eroot,25.07639,121.22389,"(25.07639,121.22389)"
c01.SMF.eroot,38.692284,-121.5937,"(38.692284,-121.5937)"
p06.lga.eroot,40.774254,-73.87162,"(40.774254,-73.87162)"
p02.dtw.eroot,42.20781,-83.35605,"(42.20781,-83.35605)"
p02.yvr2.eroot,49.1947,-123.17919,"(49.1947,-123.17919)"
c01.HBA.eroot,-42.837257,147.50519,"(-42.837257,147.50519)"
p02.jkt2.eroot,-6.175,106.8275,"(-6.175,106.8275)"
p03.den.eroot,39.84939,-104.672844,"(39.84939,-104.672844)"
p01.mnl3.eroot,14.509602,121.01251,"(14.509602,121.01251)"
p02.ktm.eroot,27.699905,85.35657,"(27.699905,85.35657)"
p02.lpb2.eroot,-16.50889,-68.1769,"(-16.50889,-68.1769)"
c01.PMO.eroot,38.186523,13.104779,"(38.186523,13.104779)"
p01.hkg.eroot,22.315248,113.93649,"(22.315248,113.93649)"
p01.dac.eroot,23.848648,90.405876,"(23.848648,90.405876)"
p01.sna.eroot,33.680202,-117.860535,"(33.680202,-117.860535)"
p02.dac.eroot,23.848648,90.405876,"(23.848648,90.405876)"
p02.ruh.eroot,24.95929,46.702877,"(24.95929,46.702877)"
p02.itm.eroot,34.790974,135.44171,"(34.790974,135.44171)"
p03.jnb.eroot,-26.132664,28.231314,"(-26.132664,28.231314)"
p01.icn2.eroot,37.448524,126.45123,"(37.448524,126.45123)"
p02.icn2.eroot,37.448524,126.45123,"(37.448524,126.45123)"
p02.tpa.eroot,27.97987,-82.535416,"(27.97987,-82.535416)"
p03.tll.eroot,59.416622,24.798702,"(59.416622,24.798702)"
p01.waw2.eroot,52.170906,20.97329,"(52.170906,20.97329)"
p01.los.eroot,6.577871,3.321178,"(6.577871,3.321178)"
p01.otp.eroot,44.571156,26.077063,"(44.571156,26.077063)"
p01.aep.eroot,-34.55622,-58.41667,"(-34.55622,-58.41667)"
p02.pcb.eroot,-6.35,106.76667,"(-6.35,106.76667)"
p01.pcb.eroot,-6.35,106.76667,"(-6.35,106.76667)"
p01.dar.eroot,-6.873533,39.20211,"(-6.873533,39.20211)"
c01.RIC.eroot,37.50611,-77.3225,"(37.50611,-77.3225)"
p01.akl2.eroot,-37.004787,174.78352,"(-37.004787,174.78352)"
p01.evn.eroot,40.15272,44.39805,"(40.15272,44.39805)"
c01.REC.eroot,-8.131507,-34.91792,"(-8.131507,-34.91792)"
p02.sea.eroot,47.44384,-122.301735,"(47.44384,-122.301735)"
c01.EBL.eroot,36.2375,43.963055,"(36.2375,43.963055)"
p06.waw.eroot,52.170906,20.97329,"(52.170906,20.97329)"
p02.ywg.eroot,49.9,-97.23333,"(49.9,-97.23333)"
p01.ywg.eroot,49.9,-97.23333,"(49.9,-97.23333)"
c01.RDU.eroot,35.873592,-78.79086,"(35.873592,-78.79086)"
p01.kwi.eroot,29.240116,47.971252,"(29.240116,47.971252)"
p02.waw.eroot,52.170906,20.97329,"(52.170906,20.97329)"
c01.SKG.eroot,40.520832,22.972221,"(40.520832,22.972221)"
p01.lux.eroot,49.63111,6.209539,"(49.63111,6.209539)"
p04.nbo.eroot,-1.319167,36.92578,"(-1.319167,36.92578)"
p01.coo.eroot,6.353097,2.385271,"(6.353097,2.385271)"
c01.KEF.eroot,63.997765,-22.624283,"(63.997765,-22.624283)"
p01.kla.eroot,0.3258560895,32.5945120094,"(0.3258560895,32.5945120094)"
c01.JIB.eroot,11.552361,43.149677,"(11.552361,43.149677)"
p02.jib.eroot,11.552361,43.149677,"(11.552361,43.149677)"
p05.sna.eroot,33.680202,-117.860535,"(33.680202,-117.860535)"
p01.mia.eroot,25.796,-80.27824,"(25.796,-80.27824)"
p02.lad.eroot,-8.847951,13.234862,"(-8.847951,13.234862)"
c01.LYS.eroot,45.721424,5.080334,"(45.721424,5.080334)"
p01.bjm.eroot,-3.383333,29.366667,"(-3.383333,29.366667)"
p02.per2.eroot,-31.933603,115.960236,"(-31.933603,115.960236)"
c01.YHZ.eroot,44.88496,-63.51425,"(44.88496,-63.51425)"
p02.man.eroot,53.362907,-2.273354,"(53.362907,-2.273354)"
p04.hkg.eroot,22.315248,113.93649,"(22.315248,113.93649)"
c01.KWI.eroot,29.240116,47.971252,"(29.240116,47.971252)"
c01.TLH.eroot,30.395782,-84.34444,"(30.395782,-84.34444)"
p04.mad.eroot,40.46515,-3.570209,"(40.46515,-3.570209)"
p08.mia.eroot,25.796,-80.27824,"(25.796,-80.27824)"
p01.dur.eroot,-29.614445,31.116388,"(-29.614445,31.116388)"
c01.FUK.eroot,33.584286,130.4439,"(33.584286,130.4439)"
p02.blz.eroot,-15.674722,34.970833,"(-15.674722,34.970833)"
p01.oua.eroot,12.355019,-1.514283,"(12.355019,-1.514283)"
p01.szg.eroot,47.791225,12.997331,"(47.791225,12.997331)"
c01.MRU.eroot,-20.431997,57.67663,"(-20.431997,57.67663)"
p02.lfw.eroot,6.167103,1.250347,"(6.167103,1.250347)"
p02.trd.eroot,63.454285,10.917863,"(63.454285,10.917863)"
p02.dar.eroot,-6.873533,39.20211,"(-6.873533,39.20211)"
p06.mia.eroot,25.796,-80.27824,"(25.796,-80.27824)"
c01.CMB.eroot,7.174112,79.8865,"(7.174112,79.8865)"
c01.UIO.eroot,-0.123811,-78.35597,"(-0.123811,-78.35597)"
c01.RUN.eroot,-20.892,55.511875,"(-20.892,55.511875)"
p06.sea.eroot,47.44384,-122.301735,"(47.44384,-122.301735)"
p02.rno.eroot,39.505783,-119.775696,"(39.505783,-119.775696)"
c01.NBO.eroot,-1.319167,36.92578,"(-1.319167,36.92578)"
p02.nrt.eroot,35.773212,140.38744,"(35.773212,140.38744)"
p02.szg.eroot,47.791225,12.997331,"(47.791225,12.997331)"
p02.msp.eroot,44.883015,-93.21092,"(44.883015,-93.21092)"
p01.ktm.eroot,27.699905,85.35657,"(27.699905,85.35657)"
p05.atl.eroot,33.640068,-84.44403,"(33.640068,-84.44403)"
c01.GND.eroot,12.004167,-61.78611,"(12.004167,-61.78611)"
p01.sjj.eroot,43.826687,18.336065,"(43.826687,18.336065)"
p01.gva.eroot,46.229633,6.105774,"(46.229633,6.105774)"
p01.tun.eroot,36.847622,10.21709,"(36.847622,10.21709)"
c01.SLC.eroot,40.785645,-111.980675,"(40.785645,-111.980675)"
p01.dtw.eroot,42.20781,-83.35605,"(42.20781,-83.35605)"
c01.HFA.eroot,32.811466,35.044594,"(32.811466,35.044594)"
p01.atl.eroot,33.640068,-84.44403,"(33.640068,-84.44403)"
p04.per2.eroot,-31.933603,115.960236,"(-31.933603,115.960236)"
p02.kef.eroot,63.997765,-22.624283,"(63.997765,-22.624283)"
c01.COR.eroot,-31.31548,-64.21377,"(-31.31548,-64.21377)"
p02.coo.eroot,6.353097,2.385271,"(6.353097,2.385271)"
p01.hre.eroot,-17.91863,31.099249,"(-17.91863,31.099249)"
p01.lpb2.eroot,-16.50889,-68.1769,"(-16.50889,-68.1769)"
p01.ros.eroot,-32.933334,-60.783333,"(-32.933334,-60.783333)"
p01.trd.eroot,63.454285,10.917863,"(63.454285,10.917863)"
p01.acc.eroot,5.60737,-0.171769,"(5.60737,-0.171769)"
p02.rgn.eroot,16.900068,96.134155,"(16.900068,96.134155)"
p01.nrt.eroot,35.773212,140.38744,"(35.773212,140.38744)"
c01.DUR.eroot,-29.614445,31.116388,"(-29.614445,31.116388)"
c01.MCT.eroot,23.588078,58.29022,"(23.588078,58.29022)"
p02.mnl2.eroot,14.509602,121.01251,"(14.509602,121.01251)"
p02.dur.eroot,-29.614445,31.116388,"(-29.614445,31.116388)"
c01.PIT.eroot,40.49585,-80.25657,"(40.49585,-80.25657)"
c01.DAC.eroot,23.848648,90.405876,"(23.848648,90.405876)"
p01.mle.eroot,4.201389,73.524445,"(4.201389,73.524445)"
c01.ULN.eroot,47.85275,106.76327,"(47.85275,106.76327)"
p02.kla.eroot,0.3258560895,32.5945120094,"(0.3258560895,32.5945120094)"
p02.fbm.eroot,-11.590833,27.529167,"(-11.590833,27.529167)"
p01.mru.eroot,-20.431997,57.67663,"(-20.431997,57.67663)"
p01.bey.eroot,33.826073,35.49308,"(33.826073,35.49308)"
c01.DKR.eroot,14.744975,-17.490194,"(14.744975,-17.490194)"
c01.CCU.eroot,22.64531,88.43931,"(22.64531,88.43931)"
p02.yyc.eroot,51.131393,-114.01055,"(51.131393,-114.01055)"
p01.pnh.eroot,11.546111,104.84778,"(11.546111,104.84778)"
p01.yvr2.eroot,49.1947,-123.17919,"(49.1947,-123.17919)"
p07.atl.eroot,33.640068,-84.44403,"(33.640068,-84.44403)"
p02.pbh.eroot,27.433332,89.416664,"(27.433332,89.416664)"
p01.cmh.eroot,39.99818,-82.884964,"(39.99818,-82.884964)"
p01.bur.eroot,34.19619,-118.35411,"(34.19619,-118.35411)"
p02.pao.eroot,37.461111,-122.115,"(37.461111,-122.115)"
p07.sea.eroot,47.44384,-122.301735,"(47.44384,-122.301735)"
c01.BGW.eroot,33.2625,44.2344,"(33.2625,44.2344)"
p07.mia.eroot,25.796,-80.27824,"(25.796,-80.27824)"
p01.lun.eroot,-15.325017,28.445747,"(-15.325017,28.445747)"
p02.los2.eroot,6.577871,3.321178,"(6.577871,3.321178)"
p02.sjj.eroot,43.826687,18.336065,"(43.826687,18.336065)"
p01.fih.eroot,-4.389588,15.447338,"(-4.389588,15.447338)"
p02.bgr.eroot,44.812298,-68.82102,"(44.812298,-68.82102)"
c01.LOS.eroot,6.577871,3.321178,"(6.577871,3.321178)"
p01.yia.eroot,-7.9003,110.0583,"(-7.9003,110.0583)"
p02.skp.eroot,41.95649,21.62872,"(41.95649,21.62872)"
c01.DPS.eroot,-8.748056,115.1675,"(-8.748056,115.1675)"
p02.oua.eroot,12.355019,-1.514283,"(12.355019,-1.514283)"
p01.pit.eroot,40.49585,-80.25657,"(40.49585,-80.25657)"
p01.rgn.eroot,16.900068,96.134155,"(16.900068,96.134155)"
p01.pbh.eroot,27.433332,89.416664,"(27.433332,89.416664)"
p01.dvn.eroot,41.6106,-90.5887,"(41.6106,-90.5887)"
p03.hkg.eroot,22.315248,113.93649,"(22.315248,113.93649)"
p04.mia.eroot,25.796,-80.27824,"(25.796,-80.27824)"
p01.sgu.eroot,37.0364,-113.5939,"(37.0364,-113.5939)"
p02.lis.eroot,38.770042,-9.128165,"(38.770042,-9.128165)"
p02.agt.eroot,-25.5,-54.833332,"(-25.5,-54.833332)"
p01.skp.eroot,41.95649,21.62872,"(41.95649,21.62872)"
c01.NQN.eroot,-38.95,-68.15222,"(-38.95,-68.15222)"
c01.PNH.eroot,11.546111,104.84778,"(11.546111,104.84778)"
p01.ndd.eroot,-11.166667,13.866667,"(-11.166667,13.866667)"
p02.lim.eroot,-12.019421,-77.107666,"(-12.019421,-77.107666)"
c01.STI.eroot,19.404486,-70.603355,"(19.404486,-70.603355)"
p01.bzv.eroot,-4.258899,15.251139,"(-4.258899,15.251139)"
p01.blr.eroot,13.198889,77.70556,"(13.198889,77.70556)"
c01.SJO.eroot,9.998238,-84.20408,"(9.998238,-84.20408)"
p01.kef.eroot,63.997765,-22.624283,"(63.997765,-22.624283)"
p03.akl.eroot,-37.004787,174.78352,"(-37.004787,174.78352)"
p02.bwi2.eroot,39.179527,-76.66894,"(39.179527,-76.66894)"
p02.pgz.eroot,-25.083332,-50.15,"(-25.083332,-50.15)"
p02.hkg2.eroot,22.315248,113.93649,"(22.315248,113.93649)"
p01.lis.eroot,38.770042,-9.128165,"(38.770042,-9.128165)"
p02.maa.eroot,12.982267,80.16378,"(12.982267,80.16378)"
p01.tia.eroot,41.419132,19.71328,"(41.419132,19.71328)"
p02.pit.eroot,40.49585,-80.25657,"(40.49585,-80.25657)"
p04.bur.eroot,34.19619,-118.35411,"(34.19619,-118.35411)"
p02.mru.eroot,-20.431997,57.67663,"(-20.431997,57.67663)"
p02.gua.eroot,14.588071,-90.53068,"(14.588071,-90.53068)"
p01.fun.eroot,-8.516667,179.20833,"(-8.516667,179.20833)"
rootns-wie3,50.083332,8.233333,"(50.083332,8.233333)"
rootns-ein3,51.457954,5.391795,"(51.457954,5.391795)"
rootns-dfw8,32.89746,-97.036125,"(32.89746,-97.036125)"
rootns-dca2,38.853436,-77.04346,"(38.853436,-77.04346)"
rootns-bur2,34.19619,-118.35411,"(34.19619,-118.35411)"
rootns-ham2,53.63128,10.006414,"(53.63128,10.006414)"
rootns-ham1,53.63128,10.006414,"(53.63128,10.006414)"
rootns-bur1,34.19619,-118.35411,"(34.19619,-118.35411)"
rootns-ham5,53.63128,10.006414,"(53.63128,10.006414)"
rootns-wie5,50.083332,8.233333,"(50.083332,8.233333)"
rootns-wie2,50.083332,8.233333,"(50.083332,8.233333)"
rootns-ham4,53.63128,10.006414,"(53.63128,10.006414)"
rootns-dca3,38.853436,-77.04346,"(38.853436,-77.04346)"
rootns-ein2,51.457954,5.391795,"(51.457954,5.391795)"
rootns-dca4,38.853436,-77.04346,"(38.853436,-77.04346)"
rootns-pao5,37.461111,-122.115,"(37.461111,-122.115)"
rootns-oak3,37.71188,-122.21201,"(37.71188,-122.21201)"
rootns-dfw7,32.89746,-97.036125,"(32.89746,-97.036125)"
rootns-dca6,38.853436,-77.04346,"(38.853436,-77.04346)"
rootns-lcy3,51.5,0.05,"(51.5,0.05)"
rootns-lcy1,51.5,0.05,"(51.5,0.05)"
rootns-bur5,34.19619,-118.35411,"(34.19619,-118.35411)"
rootns-ham3,53.63128,10.006414,"(53.63128,10.006414)"
rootns-pao2,37.461111,-122.115,"(37.461111,-122.115)"
rootns-bur3,34.19619,-118.35411,"(34.19619,-118.35411)"
rootns-lcy2,51.5,0.05,"(51.5,0.05)"
rootns-lhr2,51.469604,-0.453566,"(51.469604,-0.453566)"
rootns-ein1,51.457954,5.391795,"(51.457954,5.391795)"
rootns-lhr5,51.469604,-0.453566,"(51.469604,-0.453566)"
rootns-ein4,51.457954,5.391795,"(51.457954,5.391795)"
rootns-pao1,37.461111,-122.115,"(37.461111,-122.115)"
rootns-pao3,37.461111,-122.115,"(37.461111,-122.115)"
rootns-oak5,37.71188,-122.21201,"(37.71188,-122.21201)"
rootns-lcy5,51.5,0.05,"(51.5,0.05)"
rootns-oak4,37.71188,-122.21201,"(37.71188,-122.21201)"
nnn1-nyc7,40.7127837,-74.0059413,"(40.7127837,-74.0059413)"
rootns-nlams-1b,52.3702157,4.8951679,"(52.3702157,4.8951679)"
ootns-nlams-4,52.3702157,4.8951679,"(52.3702157,4.8951679)"
rootns-nlams-1c,52.3702157,4.8951679,"(52.3702157,4.8951679)"
nnn1-nlams-4,52.3702157,4.8951679,"(52.3702157,4.8951679)"
nnn1-nlams-1a,52.3702157,4.8951679,"(52.3702157,4.8951679)"
rootns-nlams-1d,52.3702157,4.8951679,"(52.3702157,4.8951679)"
rootns-nlams-4,52.3702157,4.8951679,"(52.3702157,4.8951679)"
nnn1-frmrs-3,43.2965,5.3698,"(43.2965,5.3698)"
nnn1-tko6,35.6762,139.6503,"(35.6762,139.6503)"
nnn1-mnz4,38.7511,-77.4764,"(38.7511,-77.4764)"
rootns-frpar-1,48.8566,2.3522,"(48.8566,2.3522)"
nnn1-frpar-1,48.8566,2.3522,"(48.8566,2.3522)"
rootns-frmrs-3,43.2965,5.3698,"(43.2965,5.3698)"
rootns-dca5,38.8512,-77.0402,"(38.8512,-77.0402)"
nnn1-wie1,48.2082,16.3738,"(48.2082,16.3738)"
b1-ams,52.3676,4.9041,"(52.3676,4.9041)"
b4-ams,52.3676,4.9041,"(52.3676,4.9041)"
b3-ams,52.3676,4.9041,"(52.3676,4.9041)"
b2-ams,52.3676,4.9041,"(52.3676,4.9041)"
iad1a.c.root-servers.org,38.9531,-77.4477,"(38.9531,-77.4477)"
iad1b.c.root-servers.org,38.9531,-77.4477,"(38.9531,-77.4477)"
kcmo2.droot.maxgigapop.net,39.0997,-94.5786,"(39.0997,-94.5786)"
p03.vie.eroot,48.2082,16.3738,"(48.2082,16.3738)"
p04.vie.eroot,48.2082,16.3738,"(48.2082,16.3738)"
p03.lga.eroot,40.7769,-73.874,"(40.7769,-73.874)"
p04.sfo.eroot,37.6213,-122.379,"(37.6213,-122.379)"
s1.sth,59.3293,18.0686,"(59.3293,18.0686)"
rootns-elyqg1,-37.8136,144.9631,"(-37.8136,144.9631)"
rootns-elvie2,48.2082,16.3738,"(48.2082,16.3738)"
rootns-eltxl1,52.5588,13.2884,"(52.5588,13.2884)"
rootns-elsvo1,55.9726,37.4146,"(55.9726,37.4146)"
rootns-elcpv2,14.9177,-23.5092,"(14.9177,-23.5092)"
rootns-elsfo6,37.6213,-122.379,"(37.6213,-122.379)"
rootns-elper2,-31.9505,115.8605,"(-31.9505,115.8605)"
rootns-elaep1,-34.5592,-58.4156,"(-34.5592,-58.4156)"
rootns-elmci1,39.2976,-94.7139,"(39.2976,-94.7139)"
rootns-elstk3,59.3293,18.0686,"(59.3293,18.0686)"
rootns-elpar7,48.8566,2.3522,"(48.8566,2.3522)"
nnn1-wie1,48.2082,16.3738,"(48.2082,16.3738)"
nnn1-lon5,51.5074,-0.1278,"(51.5074,-0.1278)"
nnn1-stk4,59.3293,18.0686,"(59.3293,18.0686)"
nnn1-tko6,35.6762,139.6503,"(35.6762,139.6503)"
fr-bfc-aa,47.2378,6.0241,"(47.2378,6.0241)"
be-anr-aa,51.2194,4.4025,"(51.2194,4.4025)"
fr-mbv-aa,48.8614,2.4578,"(48.8614,2.4578)"
ch-mot-aa,46.4312,6.9107,"(46.4312,6.9107)"
groot-con1-1,39.9611755,-82.9987942,"(39.9611755, -82.9987942)"
groot-con1-2,39.9611755,-82.9987942,"(39.9611755, -82.9987942)"
groot-con1-3,39.9611755,-82.9987942,"(39.9611755, -82.9987942)"
groot-pac1-1,21.3069444,-157.8583333,"(21.3069444, -157.8583333)"
groot-pac1-2,21.3069444,-157.8583333,"(21.3069444, -157.8583333)"
groot-pac1-3,21.3069444,-157.8583333,"(21.3069444, -157.8583333)"
groot-eur2-1,40.8517746,14.2681244,"(40.8517746, 14.2681244)"
groot-eur2-2,40.8517746,14.2681244,"(40.8517746, 14.2681244)"
groot-eur2-3,40.8517746,14.2681244,"(40.8517746, 14.2681244)"
groot-con2-1,29.4241219,-98.4936282,"(29.4241219, -98.4936282)"
groot-con2-2,29.4241219,-98.4936282,"(29.4241219, -98.4936282)"
groot-con2-3,29.4241219,-98.4936282,"(29.4241219, -98.4936282)"
groot-eur1-1,48.7303646,9.1079418,"(48.7303646, 9.1079418)"
groot-eur1-2,48.7303646,9.1079418,"(48.7303646, 9.1079418)"
groot-eur1-3,48.7303646,9.1079418,"(48.7303646, 9.1079418)"
groot-pac2-1,35.7384505,139.3269322,"(35.7384505, 139.3269322)"
groot-pac2-2,35.7384505,139.3269322,"(35.7384505, 139.3269322)"
groot-pac2-3,35.7384505,139.3269322,"(35.7384505, 139.3269322)"
